<?xml version="1.0" encoding="UTF-8" standalone="yes"?>
<gpx version="1.1" creator="outdooractive - http://www.outdooractive.com" xmlns="http://www.topografix.com/GPX/1/1" xmlns:oa="http://www.outdooractive.com/GPX/Extensions/1" xmlns:xsi="http://www.w3.org/2001/XMLSchema-instance" xsi:schemaLocation="http://www.topografix.com/GPX/1/1 http://www.topografix.com/GPX/1/1/gpx.xsd http://www.outdooractive.com/GPX/Extensions/1 https://www.outdooractive.com/schema/gpx_extensions.xsd">
  <metadata>
    <name>ZUT100 | ZUT 2026 | Salomon Zugspitz Ultratrail powered by Ledlenser</name>
    <author>
      <name>Luke Pabst - Community</name>
    </author>
    <link href="https://www.outdooractive.com/r/339205009"/>
    <time>2026-04-20T11:06:16.928Z</time>
    <extensions>
      <oa:oaCategory>trailRunning</oa:oaCategory>
    </extensions>
  </metadata>
  <trk>
    <name>ZUT100 | ZUT 2026 | Salomon Zugspitz Ultratrail powered by Ledlenser</name>
    <type>trailRunning</type>
    <trkseg>
      <trkpt lat="47.494607" lon="11.09194">
        <ele>697.4153</ele>
        <name>47.494607,11.091940</name>
        <extensions>
          <oa:Extension>
            <oa:mapZoom>18</oa:mapZoom>
          </oa:Extension>
        </extensions>
      </trkpt>
      <trkpt lat="47.493502" lon="11.089309">
        <ele>697.49013</ele>
      </trkpt>
      <trkpt lat="47.491993" lon="11.090185">
        <ele>699.16889</ele>
      </trkpt>
      <trkpt lat="47.490132" lon="11.091813">
        <ele>702.96514</ele>
      </trkpt>
      <trkpt lat="47.489667" lon="11.090336">
        <ele>702.76336</ele>
      </trkpt>
      <trkpt lat="47.489137" lon="11.090736">
        <ele>703.08035</ele>
      </trkpt>
      <trkpt lat="47.4888" lon="11.090967">
        <ele>703.40242</ele>
      </trkpt>
      <trkpt lat="47.488169" lon="11.089625">
        <ele>704.46898</ele>
      </trkpt>
      <trkpt lat="47.487952" lon="11.089255">
        <ele>704.56329</ele>
      </trkpt>
      <trkpt lat="47.487728" lon="11.088847">
        <ele>704.47583</ele>
      </trkpt>
      <trkpt lat="47.487167" lon="11.089284">
        <ele>705.68312</ele>
      </trkpt>
      <trkpt lat="47.486605" lon="11.089702">
        <ele>706.89983</ele>
      </trkpt>
      <trkpt lat="47.486045" lon="11.090355">
        <ele>708.41605</ele>
      </trkpt>
      <trkpt lat="47.485062" lon="11.091175">
        <ele>711.40797</ele>
      </trkpt>
      <trkpt lat="47.483508" lon="11.092514">
        <ele>716.89939</ele>
      </trkpt>
      <trkpt lat="47.483306" lon="11.092584">
        <ele>717.61173</ele>
      </trkpt>
      <trkpt lat="47.483216" lon="11.092169">
        <ele>717.26108</ele>
        <name>Garmisch-Partenkirchen, Landkreis Garmisch-Partenkirchen</name>
        <extensions>
          <oa:locType>calcWayPoint</oa:locType>
          <oa:Extension>
            <oa:mapZoom>12</oa:mapZoom>
          </oa:Extension>
        </extensions>
      </trkpt>
      <trkpt lat="47.482803" lon="11.090444">
        <ele>713.90493</ele>
      </trkpt>
      <trkpt lat="47.482485" lon="11.08954">
        <ele>711.9618</ele>
      </trkpt>
      <trkpt lat="47.482182" lon="11.088804">
        <ele>710.79769</ele>
      </trkpt>
      <trkpt lat="47.481954" lon="11.088184">
        <ele>710.47404</ele>
      </trkpt>
      <trkpt lat="47.481612" lon="11.086972">
        <ele>709.72925</ele>
      </trkpt>
      <trkpt lat="47.481545" lon="11.085844">
        <ele>709.89415</ele>
      </trkpt>
      <trkpt lat="47.481521" lon="11.084466">
        <ele>710.61828</ele>
      </trkpt>
      <trkpt lat="47.481504" lon="11.082246">
        <ele>711.34102</ele>
      </trkpt>
      <trkpt lat="47.481466" lon="11.081602">
        <ele>711.15589</ele>
      </trkpt>
      <trkpt lat="47.481416" lon="11.08096">
        <ele>711.68526</ele>
      </trkpt>
      <trkpt lat="47.481211" lon="11.080234">
        <ele>712.62406</ele>
      </trkpt>
      <trkpt lat="47.481302" lon="11.078918">
        <ele>712.27749</ele>
      </trkpt>
      <trkpt lat="47.481163" lon="11.077252">
        <ele>714.26083</ele>
      </trkpt>
      <trkpt lat="47.48109" lon="11.076628">
        <ele>714.85596</ele>
      </trkpt>
      <trkpt lat="47.480993" lon="11.075681">
        <ele>716.1515</ele>
      </trkpt>
      <trkpt lat="47.480958" lon="11.075504">
        <ele>716.61878</ele>
      </trkpt>
      <trkpt lat="47.480845" lon="11.07416">
        <ele>717.23146</ele>
      </trkpt>
      <trkpt lat="47.479593" lon="11.070128">
        <ele>718.46528</ele>
      </trkpt>
      <trkpt lat="47.479454" lon="11.069365">
        <ele>720.52529</ele>
      </trkpt>
      <trkpt lat="47.479357" lon="11.068283">
        <ele>721.37935</ele>
      </trkpt>
      <trkpt lat="47.479251" lon="11.067371">
        <ele>721.65748</ele>
      </trkpt>
      <trkpt lat="47.479076" lon="11.066614">
        <ele>722.7333</ele>
      </trkpt>
      <trkpt lat="47.4789" lon="11.066024">
        <ele>723.14156</ele>
      </trkpt>
      <trkpt lat="47.478684" lon="11.065676">
        <ele>724.15847</ele>
      </trkpt>
      <trkpt lat="47.478231" lon="11.064185">
        <ele>725.03617</ele>
      </trkpt>
      <trkpt lat="47.47761" lon="11.063288">
        <ele>726.23894</ele>
      </trkpt>
      <trkpt lat="47.475114" lon="11.060169">
        <ele>733.29734</ele>
      </trkpt>
      <trkpt lat="47.473867" lon="11.059137">
        <ele>740.10927</ele>
      </trkpt>
      <trkpt lat="47.472678" lon="11.057222">
        <ele>737.50834</ele>
      </trkpt>
      <trkpt lat="47.472336" lon="11.05673">
        <ele>737.55667</ele>
      </trkpt>
      <trkpt lat="47.471855" lon="11.056048">
        <ele>738.56542</ele>
      </trkpt>
      <trkpt lat="47.470938" lon="11.054903">
        <ele>742.03321</ele>
      </trkpt>
      <trkpt lat="47.470461" lon="11.054155">
        <ele>743.94568</ele>
      </trkpt>
      <trkpt lat="47.46986" lon="11.053273">
        <ele>746.38791</ele>
      </trkpt>
      <trkpt lat="47.469528" lon="11.052798">
        <ele>748.08216</ele>
      </trkpt>
      <trkpt lat="47.467472" lon="11.049447">
        <ele>758.42499</ele>
      </trkpt>
      <trkpt lat="47.467374" lon="11.049535">
        <ele>758.39278</ele>
      </trkpt>
      <trkpt lat="47.467265" lon="11.049432">
        <ele>758.84224</ele>
      </trkpt>
      <trkpt lat="47.466392" lon="11.048352">
        <ele>763.66136</ele>
      </trkpt>
      <trkpt lat="47.465818" lon="11.047223">
        <ele>767.02413</ele>
      </trkpt>
      <trkpt lat="47.465121" lon="11.045494">
        <ele>770.70372</ele>
      </trkpt>
      <trkpt lat="47.465093" lon="11.044867">
        <ele>771.31499</ele>
      </trkpt>
      <trkpt lat="47.464937" lon="11.044825">
        <ele>771.77466</ele>
      </trkpt>
      <trkpt lat="47.464878" lon="11.044674">
        <ele>774.32789</ele>
      </trkpt>
      <trkpt lat="47.464994" lon="11.044588">
        <ele>779.12532</ele>
      </trkpt>
      <trkpt lat="47.464843" lon="11.044507">
        <ele>784.02001</ele>
      </trkpt>
      <trkpt lat="47.465003" lon="11.044307">
        <ele>793.95372</ele>
      </trkpt>
      <trkpt lat="47.464556" lon="11.04392">
        <ele>800.83167</ele>
      </trkpt>
      <trkpt lat="47.464546" lon="11.043468">
        <ele>807.01701</ele>
      </trkpt>
      <trkpt lat="47.464434" lon="11.043447">
        <ele>811.66683</ele>
      </trkpt>
      <trkpt lat="47.464151" lon="11.042914">
        <ele>824.04039</ele>
      </trkpt>
      <trkpt lat="47.463903" lon="11.042126">
        <ele>842.36004</ele>
      </trkpt>
      <trkpt lat="47.4636" lon="11.041575">
        <ele>855.75011</ele>
      </trkpt>
      <trkpt lat="47.463359" lon="11.041673">
        <ele>864.68953</ele>
      </trkpt>
      <trkpt lat="47.463253" lon="11.041444">
        <ele>868.7047</ele>
      </trkpt>
      <trkpt lat="47.462952" lon="11.041401">
        <ele>878.16165</ele>
      </trkpt>
      <trkpt lat="47.462841" lon="11.041125">
        <ele>882.14058</ele>
      </trkpt>
      <trkpt lat="47.462577" lon="11.040136">
        <ele>892.35892</ele>
      </trkpt>
      <trkpt lat="47.462548" lon="11.039128">
        <ele>898.46706</ele>
      </trkpt>
      <trkpt lat="47.462192" lon="11.03828">
        <ele>911.68053</ele>
      </trkpt>
      <trkpt lat="47.461897" lon="11.036801">
        <ele>926.98869</ele>
      </trkpt>
      <trkpt lat="47.461659" lon="11.036191">
        <ele>934.70111</ele>
      </trkpt>
      <trkpt lat="47.461687" lon="11.035592">
        <ele>942.45082</ele>
      </trkpt>
      <trkpt lat="47.461629" lon="11.03526">
        <ele>946.53764</ele>
      </trkpt>
      <trkpt lat="47.461365" lon="11.034646">
        <ele>955.40809</ele>
      </trkpt>
      <trkpt lat="47.46114" lon="11.034584">
        <ele>958.79022</ele>
      </trkpt>
      <trkpt lat="47.460891" lon="11.033897">
        <ele>970.31391</ele>
      </trkpt>
      <trkpt lat="47.460559" lon="11.032713">
        <ele>986.75905</ele>
      </trkpt>
      <trkpt lat="47.460506" lon="11.032114">
        <ele>995.40029</ele>
      </trkpt>
      <trkpt lat="47.460264" lon="11.031703">
        <ele>1001.94064</ele>
      </trkpt>
      <trkpt lat="47.460088" lon="11.030985">
        <ele>1004.18691</ele>
      </trkpt>
      <trkpt lat="47.460129" lon="11.030221">
        <ele>1002.03894</ele>
      </trkpt>
      <trkpt lat="47.46026" lon="11.029752">
        <ele>999.31067</ele>
      </trkpt>
      <trkpt lat="47.460227" lon="11.029078">
        <ele>1001.58155</ele>
      </trkpt>
      <trkpt lat="47.459688" lon="11.028494">
        <ele>1013.94502</ele>
      </trkpt>
      <trkpt lat="47.459643" lon="11.028263">
        <ele>1014.19683</ele>
      </trkpt>
      <trkpt lat="47.459722" lon="11.027862">
        <ele>1003.87231</ele>
      </trkpt>
      <trkpt lat="47.459899" lon="11.02757">
        <ele>1002.39035</ele>
      </trkpt>
      <trkpt lat="47.459754" lon="11.026499">
        <ele>1002.91353</ele>
      </trkpt>
      <trkpt lat="47.459931" lon="11.026198">
        <ele>1001.22583</ele>
      </trkpt>
      <trkpt lat="47.459889" lon="11.025899">
        <ele>1003.34209</ele>
      </trkpt>
      <trkpt lat="47.460107" lon="11.025477">
        <ele>999.8682</ele>
      </trkpt>
      <trkpt lat="47.460219" lon="11.024968">
        <ele>999.2469</ele>
      </trkpt>
      <trkpt lat="47.460083" lon="11.024486">
        <ele>998.72148</ele>
      </trkpt>
      <trkpt lat="47.460162" lon="11.023595">
        <ele>995.38831</ele>
      </trkpt>
      <trkpt lat="47.46027" lon="11.023293">
        <ele>991.15314</ele>
      </trkpt>
      <trkpt lat="47.460062" lon="11.022632">
        <ele>988.77946</ele>
      </trkpt>
      <trkpt lat="47.460121" lon="11.021975">
        <ele>982.32207</ele>
      </trkpt>
      <trkpt lat="47.459967" lon="11.021544">
        <ele>973.89574</ele>
      </trkpt>
      <trkpt lat="47.460277" lon="11.021035">
        <ele>978.99293</ele>
      </trkpt>
      <trkpt lat="47.460133" lon="11.020753">
        <ele>986.19989</ele>
      </trkpt>
      <trkpt lat="47.46013" lon="11.020321">
        <ele>982.05936</ele>
      </trkpt>
      <trkpt lat="47.459921" lon="11.019804">
        <ele>987.10251</ele>
      </trkpt>
      <trkpt lat="47.459615" lon="11.019112">
        <ele>996.60713</ele>
      </trkpt>
      <trkpt lat="47.459373" lon="11.018846">
        <ele>1003.09162</ele>
      </trkpt>
      <trkpt lat="47.458973" lon="11.017856">
        <ele>1014.58196</ele>
      </trkpt>
      <trkpt lat="47.458744" lon="11.016163">
        <ele>1030.9607</ele>
      </trkpt>
      <trkpt lat="47.458621" lon="11.01578">
        <ele>1034.34445</ele>
      </trkpt>
      <trkpt lat="47.458297" lon="11.014135">
        <ele>1051.82935</ele>
      </trkpt>
      <trkpt lat="47.45827" lon="11.013648">
        <ele>1058.50738</ele>
      </trkpt>
      <trkpt lat="47.458115" lon="11.013258">
        <ele>1065.83114</ele>
      </trkpt>
      <trkpt lat="47.457847" lon="11.013098">
        <ele>1070.39488</ele>
      </trkpt>
      <trkpt lat="47.457672" lon="11.012744">
        <ele>1072.68454</ele>
      </trkpt>
      <trkpt lat="47.457297" lon="11.010242">
        <ele>1089.49779</ele>
      </trkpt>
      <trkpt lat="47.457503" lon="11.009906">
        <ele>1087.51306</ele>
      </trkpt>
      <trkpt lat="47.457538" lon="11.008802">
        <ele>1083.15021</ele>
      </trkpt>
      <trkpt lat="47.457509" lon="11.007129">
        <ele>1075.71042</ele>
      </trkpt>
      <trkpt lat="47.457417" lon="11.006517">
        <ele>1072.28139</ele>
      </trkpt>
      <trkpt lat="47.45743" lon="11.005117">
        <ele>1068.12049</ele>
      </trkpt>
      <trkpt lat="47.457179" lon="11.004181">
        <ele>1067.11408</ele>
      </trkpt>
      <trkpt lat="47.457044" lon="11.003172">
        <ele>1065.87586</ele>
      </trkpt>
      <trkpt lat="47.456975" lon="11.002949">
        <ele>1065.71281</ele>
      </trkpt>
      <trkpt lat="47.456657" lon="11.002576">
        <ele>1065.45746</ele>
      </trkpt>
      <trkpt lat="47.456018" lon="11.002232">
        <ele>1064.41462</ele>
      </trkpt>
      <trkpt lat="47.45563" lon="11.001095">
        <ele>1059.61477</ele>
      </trkpt>
      <trkpt lat="47.455128" lon="11.000727">
        <ele>1056.00039</ele>
      </trkpt>
      <trkpt lat="47.454534" lon="11.000587">
        <ele>1051.48395</ele>
      </trkpt>
      <trkpt lat="47.454401" lon="11.00041">
        <ele>1049.62286</ele>
      </trkpt>
      <trkpt lat="47.454403" lon="11.00004">
        <ele>1047.88439</ele>
      </trkpt>
      <trkpt lat="47.454757" lon="10.999568">
        <ele>1045.01862</ele>
      </trkpt>
      <trkpt lat="47.455047" lon="10.998125">
        <ele>1035.44102</ele>
      </trkpt>
      <trkpt lat="47.455041" lon="10.997758">
        <ele>1033.13229</ele>
      </trkpt>
      <trkpt lat="47.455239" lon="10.997244">
        <ele>1028.77586</ele>
      </trkpt>
      <trkpt lat="47.454961" lon="10.996315">
        <ele>1020.43642</ele>
      </trkpt>
      <trkpt lat="47.45517" lon="10.995883">
        <ele>1016.54316</ele>
      </trkpt>
      <trkpt lat="47.455249" lon="10.99519">
        <ele>1013.60636</ele>
        <name>Wettersteingebiet einschließlich Latschengürtel bei Mittenwald, Grainau</name>
        <extensions>
          <oa:locType>calcWayPoint</oa:locType>
          <oa:Extension>
            <oa:mapZoom>12</oa:mapZoom>
          </oa:Extension>
        </extensions>
      </trkpt>
      <trkpt lat="47.455307" lon="10.994696">
        <ele>1011.48897</ele>
      </trkpt>
      <trkpt lat="47.454849" lon="10.995194">
        <ele>1023.67733</ele>
      </trkpt>
      <trkpt lat="47.45418" lon="10.995586">
        <ele>1040.56819</ele>
      </trkpt>
      <trkpt lat="47.453782" lon="10.996244">
        <ele>1058.64025</ele>
      </trkpt>
      <trkpt lat="47.452884" lon="10.996435">
        <ele>1085.02172</ele>
      </trkpt>
      <trkpt lat="47.452734" lon="10.996823">
        <ele>1091.34214</ele>
      </trkpt>
      <trkpt lat="47.452704" lon="10.99775">
        <ele>1098.46381</ele>
      </trkpt>
      <trkpt lat="47.452595" lon="10.997968">
        <ele>1099.76153</ele>
      </trkpt>
      <trkpt lat="47.452404" lon="10.998027">
        <ele>1104.05294</ele>
      </trkpt>
      <trkpt lat="47.451731" lon="10.997781">
        <ele>1121.20013</ele>
      </trkpt>
      <trkpt lat="47.451316" lon="10.998014">
        <ele>1130.98368</ele>
      </trkpt>
      <trkpt lat="47.451063" lon="10.997785">
        <ele>1139.25618</ele>
      </trkpt>
      <trkpt lat="47.450838" lon="10.998048">
        <ele>1142.69238</ele>
      </trkpt>
      <trkpt lat="47.450629" lon="10.99804">
        <ele>1145.2444</ele>
      </trkpt>
      <trkpt lat="47.450389" lon="10.99727">
        <ele>1151.55367</ele>
      </trkpt>
      <trkpt lat="47.449866" lon="10.996327">
        <ele>1160.92669</ele>
      </trkpt>
      <trkpt lat="47.449496" lon="10.99587">
        <ele>1166.43315</ele>
      </trkpt>
      <trkpt lat="47.449335" lon="10.995401">
        <ele>1170.27234</ele>
      </trkpt>
      <trkpt lat="47.449141" lon="10.995221">
        <ele>1172.68052</ele>
      </trkpt>
      <trkpt lat="47.449086" lon="10.994261">
        <ele>1180.32897</ele>
      </trkpt>
      <trkpt lat="47.448422" lon="10.992678">
        <ele>1195.87292</ele>
      </trkpt>
      <trkpt lat="47.448478" lon="10.992144">
        <ele>1200.47736</ele>
      </trkpt>
      <trkpt lat="47.448429" lon="10.99157">
        <ele>1206.05563</ele>
      </trkpt>
      <trkpt lat="47.448053" lon="10.991096">
        <ele>1211.74247</ele>
      </trkpt>
      <trkpt lat="47.447944" lon="10.990575">
        <ele>1216.56486</ele>
      </trkpt>
      <trkpt lat="47.447554" lon="10.989764">
        <ele>1225.99596</ele>
      </trkpt>
      <trkpt lat="47.447305" lon="10.989334">
        <ele>1230.90279</ele>
      </trkpt>
      <trkpt lat="47.447021" lon="10.9891">
        <ele>1234.83525</ele>
      </trkpt>
      <trkpt lat="47.446332" lon="10.988187">
        <ele>1245.83102</ele>
      </trkpt>
      <trkpt lat="47.445592" lon="10.987599">
        <ele>1256.15175</ele>
      </trkpt>
      <trkpt lat="47.445215" lon="10.987132">
        <ele>1261.41137</ele>
      </trkpt>
      <trkpt lat="47.444986" lon="10.98652">
        <ele>1266.39682</ele>
      </trkpt>
      <trkpt lat="47.444547" lon="10.985753">
        <ele>1272.66748</ele>
      </trkpt>
      <trkpt lat="47.443624" lon="10.985025">
        <ele>1281.01675</ele>
      </trkpt>
      <trkpt lat="47.44323" lon="10.984327">
        <ele>1286.56461</ele>
      </trkpt>
      <trkpt lat="47.442979" lon="10.983611">
        <ele>1294.2031</ele>
      </trkpt>
      <trkpt lat="47.44265" lon="10.98321">
        <ele>1295.0457</ele>
      </trkpt>
      <trkpt lat="47.442623" lon="10.982798">
        <ele>1297.72649</ele>
      </trkpt>
      <trkpt lat="47.442995" lon="10.981694">
        <ele>1303.61928</ele>
      </trkpt>
      <trkpt lat="47.442898" lon="10.981557">
        <ele>1304.29277</ele>
      </trkpt>
      <trkpt lat="47.44234" lon="10.98136">
        <ele>1311.44359</ele>
      </trkpt>
      <trkpt lat="47.44191" lon="10.981166">
        <ele>1311.38467</ele>
      </trkpt>
      <trkpt lat="47.441796" lon="10.981042">
        <ele>1313.5845</ele>
      </trkpt>
      <trkpt lat="47.441973" lon="10.980468">
        <ele>1315.73175</ele>
      </trkpt>
      <trkpt lat="47.441982" lon="10.980075">
        <ele>1316.98255</ele>
      </trkpt>
      <trkpt lat="47.44235" lon="10.979736">
        <ele>1320.63067</ele>
      </trkpt>
      <trkpt lat="47.4423" lon="10.979306">
        <ele>1322.37604</ele>
      </trkpt>
      <trkpt lat="47.442175" lon="10.979051">
        <ele>1323.9356</ele>
      </trkpt>
      <trkpt lat="47.441801" lon="10.9786">
        <ele>1327.59632</ele>
      </trkpt>
      <trkpt lat="47.441573" lon="10.978583">
        <ele>1331.73646</ele>
      </trkpt>
      <trkpt lat="47.441579" lon="10.979228">
        <ele>1341.91921</ele>
      </trkpt>
      <trkpt lat="47.441235" lon="10.979172">
        <ele>1349.89002</ele>
      </trkpt>
      <trkpt lat="47.441028" lon="10.978847">
        <ele>1354.46919</ele>
      </trkpt>
      <trkpt lat="47.440809" lon="10.978819">
        <ele>1358.00541</ele>
      </trkpt>
      <trkpt lat="47.440544" lon="10.979025">
        <ele>1363.76847</ele>
      </trkpt>
      <trkpt lat="47.440177" lon="10.979723">
        <ele>1381.19485</ele>
      </trkpt>
      <trkpt lat="47.439897" lon="10.979684">
        <ele>1392.54619</ele>
      </trkpt>
      <trkpt lat="47.439683" lon="10.979783">
        <ele>1401.37658</ele>
      </trkpt>
      <trkpt lat="47.439438" lon="10.979666">
        <ele>1409.76732</ele>
      </trkpt>
      <trkpt lat="47.439333" lon="10.979919">
        <ele>1413.8274</ele>
      </trkpt>
      <trkpt lat="47.439033" lon="10.979514">
        <ele>1423.11456</ele>
      </trkpt>
      <trkpt lat="47.438511" lon="10.97972">
        <ele>1436.24269</ele>
      </trkpt>
      <trkpt lat="47.43835" lon="10.980071">
        <ele>1442.12028</ele>
      </trkpt>
      <trkpt lat="47.438062" lon="10.980001">
        <ele>1449.03925</ele>
      </trkpt>
      <trkpt lat="47.437996" lon="10.980124">
        <ele>1451.83846</ele>
      </trkpt>
      <trkpt lat="47.437534" lon="10.980092">
        <ele>1461.42841</ele>
      </trkpt>
      <trkpt lat="47.437277" lon="10.98021">
        <ele>1465.58691</ele>
      </trkpt>
      <trkpt lat="47.435922" lon="10.979179">
        <ele>1489.37793</ele>
      </trkpt>
      <trkpt lat="47.435248" lon="10.979031">
        <ele>1497.30948</ele>
      </trkpt>
      <trkpt lat="47.434642" lon="10.978758">
        <ele>1512.04716</ele>
      </trkpt>
      <trkpt lat="47.434286" lon="10.978529">
        <ele>1517.54527</ele>
      </trkpt>
      <trkpt lat="47.433197" lon="10.976911">
        <ele>1548.2629</ele>
      </trkpt>
      <trkpt lat="47.433139" lon="10.975966">
        <ele>1549.62575</ele>
      </trkpt>
      <trkpt lat="47.433038" lon="10.974679">
        <ele>1557.07386</ele>
      </trkpt>
      <trkpt lat="47.432768" lon="10.972991">
        <ele>1574.7419</ele>
      </trkpt>
      <trkpt lat="47.433051" lon="10.972642">
        <ele>1580.90984</ele>
      </trkpt>
      <trkpt lat="47.433072" lon="10.972484">
        <ele>1581.18571</ele>
      </trkpt>
      <trkpt lat="47.432836" lon="10.972301">
        <ele>1583.7814</ele>
      </trkpt>
      <trkpt lat="47.433063" lon="10.971737">
        <ele>1591.94648</ele>
      </trkpt>
      <trkpt lat="47.433046" lon="10.971304">
        <ele>1592.94908</ele>
      </trkpt>
      <trkpt lat="47.432626" lon="10.971043">
        <ele>1592.61787</ele>
      </trkpt>
      <trkpt lat="47.432236" lon="10.9704">
        <ele>1584.62294</ele>
      </trkpt>
      <trkpt lat="47.431883" lon="10.970028">
        <ele>1576.62496</ele>
      </trkpt>
      <trkpt lat="47.43145" lon="10.969812">
        <ele>1569.6116</ele>
      </trkpt>
      <trkpt lat="47.431188" lon="10.96942">
        <ele>1560.04625</ele>
      </trkpt>
      <trkpt lat="47.431487" lon="10.968551">
        <ele>1546.78536</ele>
      </trkpt>
      <trkpt lat="47.431283" lon="10.967686">
        <ele>1547.92252</ele>
      </trkpt>
      <trkpt lat="47.431124" lon="10.967475">
        <ele>1550.03199</ele>
      </trkpt>
      <trkpt lat="47.431251" lon="10.966286">
        <ele>1542.95773</ele>
      </trkpt>
      <trkpt lat="47.431117" lon="10.965795">
        <ele>1543.91731</ele>
      </trkpt>
      <trkpt lat="47.4311" lon="10.965287">
        <ele>1545.84006</ele>
      </trkpt>
      <trkpt lat="47.430637" lon="10.964107">
        <ele>1536.64373</ele>
      </trkpt>
      <trkpt lat="47.430602" lon="10.963562">
        <ele>1526.16215</ele>
      </trkpt>
      <trkpt lat="47.43042" lon="10.963068">
        <ele>1516.79008</ele>
      </trkpt>
      <trkpt lat="47.430461" lon="10.962647">
        <ele>1510.26369</ele>
      </trkpt>
      <trkpt lat="47.430653" lon="10.962004">
        <ele>1499.73324</ele>
      </trkpt>
      <trkpt lat="47.431072" lon="10.960971">
        <ele>1479.1831</ele>
      </trkpt>
      <trkpt lat="47.431138" lon="10.960155">
        <ele>1468.32752</ele>
      </trkpt>
      <trkpt lat="47.430967" lon="10.959168">
        <ele>1456.50429</ele>
      </trkpt>
      <trkpt lat="47.430839" lon="10.95887">
        <ele>1449.20757</ele>
      </trkpt>
      <trkpt lat="47.430555" lon="10.958819">
        <ele>1440.87994</ele>
      </trkpt>
      <trkpt lat="47.430378" lon="10.958535">
        <ele>1431.92457</ele>
      </trkpt>
      <trkpt lat="47.430526" lon="10.957288">
        <ele>1411.60856</ele>
      </trkpt>
      <trkpt lat="47.430485" lon="10.956894">
        <ele>1406.75348</ele>
      </trkpt>
      <trkpt lat="47.430311" lon="10.956476">
        <ele>1403.60471</ele>
      </trkpt>
      <trkpt lat="47.430348" lon="10.955041">
        <ele>1387.47819</ele>
      </trkpt>
      <trkpt lat="47.429427" lon="10.954493">
        <ele>1389.37027</ele>
      </trkpt>
      <trkpt lat="47.42901" lon="10.954386">
        <ele>1390.84879</ele>
      </trkpt>
      <trkpt lat="47.428013" lon="10.953387">
        <ele>1394.60032</ele>
      </trkpt>
      <trkpt lat="47.427681" lon="10.953389">
        <ele>1393.97795</ele>
      </trkpt>
      <trkpt lat="47.426725" lon="10.952652">
        <ele>1389.83906</ele>
      </trkpt>
      <trkpt lat="47.426568" lon="10.952243">
        <ele>1389.57444</ele>
      </trkpt>
      <trkpt lat="47.426562" lon="10.95194">
        <ele>1389.25491</ele>
      </trkpt>
      <trkpt lat="47.426606" lon="10.951711">
        <ele>1388.39103</ele>
      </trkpt>
      <trkpt lat="47.426892" lon="10.951352">
        <ele>1387.25567</ele>
      </trkpt>
      <trkpt lat="47.426845" lon="10.950865">
        <ele>1386.06147</ele>
      </trkpt>
      <trkpt lat="47.426985" lon="10.950359">
        <ele>1384.1323</ele>
        <name>Ehrwald, Reutte (Außerfern)</name>
        <extensions>
          <oa:locType>calcWayPoint</oa:locType>
          <oa:Extension>
            <oa:mapZoom>12</oa:mapZoom>
          </oa:Extension>
        </extensions>
      </trkpt>
      <trkpt lat="47.426819" lon="10.949944">
        <ele>1381.15186</ele>
      </trkpt>
      <trkpt lat="47.426156" lon="10.950363">
        <ele>1376.47762</ele>
      </trkpt>
      <trkpt lat="47.426063" lon="10.950182">
        <ele>1373.94692</ele>
      </trkpt>
      <trkpt lat="47.426058" lon="10.949639">
        <ele>1371.69235</ele>
      </trkpt>
      <trkpt lat="47.425966" lon="10.949504">
        <ele>1371.07855</ele>
      </trkpt>
      <trkpt lat="47.425277" lon="10.949527">
        <ele>1365.16036</ele>
      </trkpt>
      <trkpt lat="47.424822" lon="10.94969">
        <ele>1362.03805</ele>
      </trkpt>
      <trkpt lat="47.424586" lon="10.949497">
        <ele>1359.19635</ele>
      </trkpt>
      <trkpt lat="47.42432" lon="10.94899">
        <ele>1355.17164</ele>
      </trkpt>
      <trkpt lat="47.423999" lon="10.948761">
        <ele>1351.874</ele>
      </trkpt>
      <trkpt lat="47.422939" lon="10.948674">
        <ele>1342.95024</ele>
      </trkpt>
      <trkpt lat="47.422552" lon="10.948805">
        <ele>1340.10881</ele>
      </trkpt>
      <trkpt lat="47.422233" lon="10.948667">
        <ele>1338.12424</ele>
      </trkpt>
      <trkpt lat="47.421292" lon="10.948875">
        <ele>1331.69163</ele>
      </trkpt>
      <trkpt lat="47.421098" lon="10.948721">
        <ele>1330.56763</ele>
      </trkpt>
      <trkpt lat="47.420619" lon="10.949089">
        <ele>1343.12974</ele>
      </trkpt>
      <trkpt lat="47.420209" lon="10.94931">
        <ele>1353.29673</ele>
      </trkpt>
      <trkpt lat="47.419976" lon="10.949356">
        <ele>1359.44775</ele>
      </trkpt>
      <trkpt lat="47.419734" lon="10.949333">
        <ele>1366.96924</ele>
      </trkpt>
      <trkpt lat="47.419349" lon="10.949077">
        <ele>1381.7844</ele>
      </trkpt>
      <trkpt lat="47.418948" lon="10.949031">
        <ele>1395.02787</ele>
      </trkpt>
      <trkpt lat="47.418787" lon="10.949238">
        <ele>1402.81264</ele>
      </trkpt>
      <trkpt lat="47.418616" lon="10.949033">
        <ele>1401.42129</ele>
      </trkpt>
      <trkpt lat="47.418196" lon="10.949116">
        <ele>1412.021</ele>
      </trkpt>
      <trkpt lat="47.417867" lon="10.94917">
        <ele>1421.40099</ele>
      </trkpt>
      <trkpt lat="47.417612" lon="10.949265">
        <ele>1428.24034</ele>
      </trkpt>
      <trkpt lat="47.417467" lon="10.94957">
        <ele>1435.065</ele>
      </trkpt>
      <trkpt lat="47.417361" lon="10.95008">
        <ele>1448.70454</ele>
      </trkpt>
      <trkpt lat="47.416535" lon="10.950036">
        <ele>1460.47496</ele>
      </trkpt>
      <trkpt lat="47.41614" lon="10.94953">
        <ele>1451.9675</ele>
      </trkpt>
      <trkpt lat="47.415957" lon="10.949143">
        <ele>1445.17115</ele>
      </trkpt>
      <trkpt lat="47.415279" lon="10.948182">
        <ele>1416.5149</ele>
      </trkpt>
      <trkpt lat="47.414987" lon="10.94769">
        <ele>1400.30971</ele>
      </trkpt>
      <trkpt lat="47.414764" lon="10.94725">
        <ele>1388.13963</ele>
      </trkpt>
      <trkpt lat="47.414561" lon="10.946573">
        <ele>1370.26885</ele>
      </trkpt>
      <trkpt lat="47.414451" lon="10.945627">
        <ele>1346.52533</ele>
      </trkpt>
      <trkpt lat="47.414333" lon="10.943259">
        <ele>1308.93569</ele>
      </trkpt>
      <trkpt lat="47.413996" lon="10.941672">
        <ele>1283.89521</ele>
      </trkpt>
      <trkpt lat="47.41389" lon="10.940437">
        <ele>1267.37412</ele>
      </trkpt>
      <trkpt lat="47.413264" lon="10.940387">
        <ele>1265.16646</ele>
      </trkpt>
      <trkpt lat="47.4131" lon="10.940777">
        <ele>1268.66595</ele>
      </trkpt>
      <trkpt lat="47.412039" lon="10.941791">
        <ele>1282.16613</ele>
      </trkpt>
      <trkpt lat="47.411296" lon="10.941612">
        <ele>1286.45943</ele>
      </trkpt>
      <trkpt lat="47.410692" lon="10.94172">
        <ele>1295.11331</ele>
      </trkpt>
      <trkpt lat="47.410003" lon="10.941801">
        <ele>1302.87117</ele>
      </trkpt>
      <trkpt lat="47.409189" lon="10.942344">
        <ele>1314.54027</ele>
      </trkpt>
      <trkpt lat="47.408656" lon="10.942407">
        <ele>1308.82186</ele>
      </trkpt>
      <trkpt lat="47.408327" lon="10.942263">
        <ele>1304.23328</ele>
      </trkpt>
      <trkpt lat="47.407922" lon="10.941746">
        <ele>1296.59252</ele>
      </trkpt>
      <trkpt lat="47.406953" lon="10.941468">
        <ele>1285.1344</ele>
      </trkpt>
      <trkpt lat="47.406578" lon="10.941223">
        <ele>1281.71812</ele>
      </trkpt>
      <trkpt lat="47.406053" lon="10.941115">
        <ele>1272.46013</ele>
      </trkpt>
      <trkpt lat="47.405297" lon="10.940407">
        <ele>1260.78623</ele>
      </trkpt>
      <trkpt lat="47.404519" lon="10.940603">
        <ele>1254.65935</ele>
      </trkpt>
      <trkpt lat="47.404186" lon="10.940568">
        <ele>1254.568</ele>
      </trkpt>
      <trkpt lat="47.403891" lon="10.94041">
        <ele>1253.65154</ele>
      </trkpt>
      <trkpt lat="47.403545" lon="10.939984">
        <ele>1249.16935</ele>
      </trkpt>
      <trkpt lat="47.402962" lon="10.939914">
        <ele>1249.44853</ele>
      </trkpt>
      <trkpt lat="47.402182" lon="10.940018">
        <ele>1251.17385</ele>
      </trkpt>
      <trkpt lat="47.40171" lon="10.940395">
        <ele>1260.61363</ele>
      </trkpt>
      <trkpt lat="47.401265" lon="10.940099">
        <ele>1273.77158</ele>
      </trkpt>
      <trkpt lat="47.400902" lon="10.939569">
        <ele>1282.00995</ele>
      </trkpt>
      <trkpt lat="47.400716" lon="10.93907">
        <ele>1266.86831</ele>
      </trkpt>
      <trkpt lat="47.400459" lon="10.938217">
        <ele>1244.16133</ele>
      </trkpt>
      <trkpt lat="47.400355" lon="10.937806">
        <ele>1231.22447</ele>
      </trkpt>
      <trkpt lat="47.399847" lon="10.937547">
        <ele>1254.59196</ele>
      </trkpt>
      <trkpt lat="47.399416" lon="10.937451">
        <ele>1257.39221</ele>
      </trkpt>
      <trkpt lat="47.399259" lon="10.937245">
        <ele>1252.17713</ele>
      </trkpt>
      <trkpt lat="47.399393" lon="10.937236">
        <ele>1245.55183</ele>
      </trkpt>
      <trkpt lat="47.39925" lon="10.93687">
        <ele>1235.20135</ele>
      </trkpt>
      <trkpt lat="47.399058" lon="10.936555">
        <ele>1223.60415</ele>
      </trkpt>
      <trkpt lat="47.398881" lon="10.93671">
        <ele>1222.24289</ele>
      </trkpt>
      <trkpt lat="47.398865" lon="10.936018">
        <ele>1199.13226</ele>
      </trkpt>
      <trkpt lat="47.398795" lon="10.9359">
        <ele>1193.21918</ele>
      </trkpt>
      <trkpt lat="47.398587" lon="10.935838">
        <ele>1185.78108</ele>
      </trkpt>
      <trkpt lat="47.398503" lon="10.935626">
        <ele>1180.62143</ele>
        <name>Ehrwald, Reutte (Außerfern)</name>
        <extensions>
          <oa:locType>calcWayPoint</oa:locType>
          <oa:Extension>
            <oa:mapZoom>12</oa:mapZoom>
          </oa:Extension>
        </extensions>
      </trkpt>
      <trkpt lat="47.397469" lon="10.935732">
        <ele>1179.55986</ele>
      </trkpt>
      <trkpt lat="47.396772" lon="10.936123">
        <ele>1185.81427</ele>
      </trkpt>
      <trkpt lat="47.396345" lon="10.936531">
        <ele>1185.06373</ele>
      </trkpt>
      <trkpt lat="47.395641" lon="10.936926">
        <ele>1183.18794</ele>
      </trkpt>
      <trkpt lat="47.395247" lon="10.937581">
        <ele>1203.36014</ele>
      </trkpt>
      <trkpt lat="47.394805" lon="10.937647">
        <ele>1200.09517</ele>
      </trkpt>
      <trkpt lat="47.39446" lon="10.937927">
        <ele>1203.75433</ele>
      </trkpt>
      <trkpt lat="47.393962" lon="10.938109">
        <ele>1194.65</ele>
      </trkpt>
      <trkpt lat="47.393648" lon="10.938385">
        <ele>1193.617</ele>
      </trkpt>
      <trkpt lat="47.39354" lon="10.938667">
        <ele>1200.77217</ele>
      </trkpt>
      <trkpt lat="47.393153" lon="10.939117">
        <ele>1203.57598</ele>
      </trkpt>
      <trkpt lat="47.392781" lon="10.939161">
        <ele>1197.65382</ele>
      </trkpt>
      <trkpt lat="47.392433" lon="10.938841">
        <ele>1193.18823</ele>
      </trkpt>
      <trkpt lat="47.392434" lon="10.939156">
        <ele>1201.76168</ele>
      </trkpt>
      <trkpt lat="47.392581" lon="10.93937">
        <ele>1206.58124</ele>
      </trkpt>
      <trkpt lat="47.392424" lon="10.939386">
        <ele>1209.89682</ele>
      </trkpt>
      <trkpt lat="47.392638" lon="10.939878">
        <ele>1221.61034</ele>
      </trkpt>
      <trkpt lat="47.392965" lon="10.940253">
        <ele>1240.36816</ele>
      </trkpt>
      <trkpt lat="47.39326" lon="10.940653">
        <ele>1259.1938</ele>
      </trkpt>
      <trkpt lat="47.393421" lon="10.940557">
        <ele>1267.59059</ele>
      </trkpt>
      <trkpt lat="47.393982" lon="10.941028">
        <ele>1302.09983</ele>
      </trkpt>
      <trkpt lat="47.393966" lon="10.941541">
        <ele>1312.66932</ele>
      </trkpt>
      <trkpt lat="47.394277" lon="10.941964">
        <ele>1328.38691</ele>
      </trkpt>
      <trkpt lat="47.394722" lon="10.942345">
        <ele>1342.44536</ele>
      </trkpt>
      <trkpt lat="47.395227" lon="10.94282">
        <ele>1362.14545</ele>
      </trkpt>
      <trkpt lat="47.395479" lon="10.943323">
        <ele>1369.50614</ele>
      </trkpt>
      <trkpt lat="47.395423" lon="10.94501">
        <ele>1379.01055</ele>
      </trkpt>
      <trkpt lat="47.395206" lon="10.945471">
        <ele>1380.98141</ele>
      </trkpt>
      <trkpt lat="47.394676" lon="10.946377">
        <ele>1378.03243</ele>
      </trkpt>
      <trkpt lat="47.39436" lon="10.946761">
        <ele>1379.24286</ele>
      </trkpt>
      <trkpt lat="47.393954" lon="10.947081">
        <ele>1375.76948</ele>
      </trkpt>
      <trkpt lat="47.39325" lon="10.94755">
        <ele>1375.04872</ele>
      </trkpt>
      <trkpt lat="47.392678" lon="10.947915">
        <ele>1372.80919</ele>
      </trkpt>
      <trkpt lat="47.39253" lon="10.948025">
        <ele>1371.1353</ele>
      </trkpt>
      <trkpt lat="47.392613" lon="10.949237">
        <ele>1364.76432</ele>
      </trkpt>
      <trkpt lat="47.392378" lon="10.949389">
        <ele>1367.58847</ele>
      </trkpt>
      <trkpt lat="47.391925" lon="10.949202">
        <ele>1370.27624</ele>
      </trkpt>
      <trkpt lat="47.390781" lon="10.951326">
        <ele>1384.0443</ele>
      </trkpt>
      <trkpt lat="47.390014" lon="10.953363">
        <ele>1393.89204</ele>
      </trkpt>
      <trkpt lat="47.390125" lon="10.953564">
        <ele>1392.56298</ele>
      </trkpt>
      <trkpt lat="47.390539" lon="10.953666">
        <ele>1389.3224</ele>
      </trkpt>
      <trkpt lat="47.390536" lon="10.95433">
        <ele>1386.01685</ele>
      </trkpt>
      <trkpt lat="47.390386" lon="10.954874">
        <ele>1383.17522</ele>
      </trkpt>
      <trkpt lat="47.39035" lon="10.955449">
        <ele>1379.7302</ele>
      </trkpt>
      <trkpt lat="47.390856" lon="10.956517">
        <ele>1373.01467</ele>
      </trkpt>
      <trkpt lat="47.390487" lon="10.95674">
        <ele>1375.96955</ele>
      </trkpt>
      <trkpt lat="47.38998" lon="10.956678">
        <ele>1378.95896</ele>
      </trkpt>
      <trkpt lat="47.389859" lon="10.957781">
        <ele>1379.67017</ele>
      </trkpt>
      <trkpt lat="47.389498" lon="10.958302">
        <ele>1380.37091</ele>
      </trkpt>
      <trkpt lat="47.389181" lon="10.959112">
        <ele>1378.66985</ele>
      </trkpt>
      <trkpt lat="47.388898" lon="10.958988">
        <ele>1378.03588</ele>
      </trkpt>
      <trkpt lat="47.38922" lon="10.959961">
        <ele>1390.03557</ele>
      </trkpt>
      <trkpt lat="47.389416" lon="10.960184">
        <ele>1394.58712</ele>
      </trkpt>
      <trkpt lat="47.388919" lon="10.960719">
        <ele>1404.66063</ele>
      </trkpt>
      <trkpt lat="47.388675" lon="10.961387">
        <ele>1414.45027</ele>
      </trkpt>
      <trkpt lat="47.388416" lon="10.961737">
        <ele>1420.53744</ele>
      </trkpt>
      <trkpt lat="47.388339" lon="10.962183">
        <ele>1426.22448</ele>
      </trkpt>
      <trkpt lat="47.388089" lon="10.962521">
        <ele>1431.65276</ele>
      </trkpt>
      <trkpt lat="47.388508" lon="10.962828">
        <ele>1437.33857</ele>
      </trkpt>
      <trkpt lat="47.388951" lon="10.96276">
        <ele>1443.93133</ele>
      </trkpt>
      <trkpt lat="47.388972" lon="10.962886">
        <ele>1445.06423</ele>
      </trkpt>
      <trkpt lat="47.388773" lon="10.963228">
        <ele>1448.3983</ele>
      </trkpt>
      <trkpt lat="47.388741" lon="10.963667">
        <ele>1452.06881</ele>
      </trkpt>
      <trkpt lat="47.388297" lon="10.963759">
        <ele>1457.50016</ele>
      </trkpt>
      <trkpt lat="47.387723" lon="10.963155">
        <ele>1469.48321</ele>
      </trkpt>
      <trkpt lat="47.387247" lon="10.964021">
        <ele>1474.83098</ele>
      </trkpt>
      <trkpt lat="47.386745" lon="10.963978">
        <ele>1478.53716</ele>
      </trkpt>
      <trkpt lat="47.38656" lon="10.964855">
        <ele>1478.95502</ele>
      </trkpt>
      <trkpt lat="47.386318" lon="10.965105">
        <ele>1479.04627</ele>
      </trkpt>
      <trkpt lat="47.386135" lon="10.965486">
        <ele>1478.35348</ele>
      </trkpt>
      <trkpt lat="47.38484" lon="10.967368">
        <ele>1483.72259</ele>
      </trkpt>
      <trkpt lat="47.38474" lon="10.968006">
        <ele>1488.23452</ele>
      </trkpt>
      <trkpt lat="47.384864" lon="10.970136">
        <ele>1507.99543</ele>
      </trkpt>
      <trkpt lat="47.384172" lon="10.972142">
        <ele>1521.56937</ele>
      </trkpt>
      <trkpt lat="47.384375" lon="10.97252">
        <ele>1527.39726</ele>
      </trkpt>
      <trkpt lat="47.384455" lon="10.972922">
        <ele>1530.70666</ele>
      </trkpt>
      <trkpt lat="47.384225" lon="10.973931">
        <ele>1539.95126</ele>
      </trkpt>
      <trkpt lat="47.383926" lon="10.974712">
        <ele>1548.12632</ele>
      </trkpt>
      <trkpt lat="47.383231" lon="10.975903">
        <ele>1557.32238</ele>
      </trkpt>
      <trkpt lat="47.383137" lon="10.976236">
        <ele>1559.41652</ele>
      </trkpt>
      <trkpt lat="47.382751" lon="10.976676">
        <ele>1564.24626</ele>
      </trkpt>
      <trkpt lat="47.381988" lon="10.97807">
        <ele>1578.24361</ele>
      </trkpt>
      <trkpt lat="47.380688" lon="10.979504">
        <ele>1597.89204</ele>
      </trkpt>
      <trkpt lat="47.38051" lon="10.979926">
        <ele>1598.32357</ele>
      </trkpt>
      <trkpt lat="47.380329" lon="10.980884">
        <ele>1602.9688</ele>
      </trkpt>
      <trkpt lat="47.380212" lon="10.981451">
        <ele>1606.08527</ele>
      </trkpt>
      <trkpt lat="47.380049" lon="10.982168">
        <ele>1611.85174</ele>
        <name>Ehrwald, Mieming</name>
        <extensions>
          <oa:locType>calcWayPoint</oa:locType>
          <oa:Extension>
            <oa:mapZoom>12</oa:mapZoom>
          </oa:Extension>
        </extensions>
      </trkpt>
      <trkpt lat="47.380012" lon="10.982493">
        <ele>1613.35568</ele>
      </trkpt>
      <trkpt lat="47.380187" lon="10.982924">
        <ele>1617.02308</ele>
      </trkpt>
      <trkpt lat="47.380751" lon="10.98313">
        <ele>1631.39047</ele>
      </trkpt>
      <trkpt lat="47.380831" lon="10.983404">
        <ele>1636.56601</ele>
      </trkpt>
      <trkpt lat="47.380927" lon="10.983344">
        <ele>1637.45138</ele>
      </trkpt>
      <trkpt lat="47.381119" lon="10.983751">
        <ele>1646.80915</ele>
      </trkpt>
      <trkpt lat="47.381374" lon="10.983936">
        <ele>1655.93789</ele>
      </trkpt>
      <trkpt lat="47.381064" lon="10.98458">
        <ele>1664.13136</ele>
      </trkpt>
      <trkpt lat="47.381092" lon="10.984823">
        <ele>1669.62729</ele>
      </trkpt>
      <trkpt lat="47.38101" lon="10.984963">
        <ele>1671.39307</ele>
      </trkpt>
      <trkpt lat="47.381241" lon="10.98511">
        <ele>1681.80862</ele>
      </trkpt>
      <trkpt lat="47.381401" lon="10.984909">
        <ele>1687.96984</ele>
      </trkpt>
      <trkpt lat="47.381461" lon="10.985411">
        <ele>1697.88835</ele>
      </trkpt>
      <trkpt lat="47.381313" lon="10.986256">
        <ele>1705.05856</ele>
      </trkpt>
      <trkpt lat="47.381719" lon="10.986641">
        <ele>1713.28897</ele>
      </trkpt>
      <trkpt lat="47.381678" lon="10.987799">
        <ele>1720.37463</ele>
      </trkpt>
      <trkpt lat="47.382262" lon="10.988894">
        <ele>1730.09409</ele>
      </trkpt>
      <trkpt lat="47.382448" lon="10.98889">
        <ele>1734.31371</ele>
      </trkpt>
      <trkpt lat="47.382643" lon="10.989312">
        <ele>1739.32842</ele>
      </trkpt>
      <trkpt lat="47.383189" lon="10.989589">
        <ele>1752.22997</ele>
      </trkpt>
      <trkpt lat="47.383249" lon="10.989489">
        <ele>1754.70479</ele>
      </trkpt>
      <trkpt lat="47.383874" lon="10.98951">
        <ele>1771.95476</ele>
      </trkpt>
      <trkpt lat="47.384335" lon="10.989892">
        <ele>1780.89477</ele>
      </trkpt>
      <trkpt lat="47.384496" lon="10.989909">
        <ele>1782.28246</ele>
      </trkpt>
      <trkpt lat="47.384946" lon="10.990351">
        <ele>1787.62227</ele>
      </trkpt>
      <trkpt lat="47.38574" lon="10.990773">
        <ele>1804.44683</ele>
      </trkpt>
      <trkpt lat="47.386588" lon="10.990742">
        <ele>1810.03425</ele>
      </trkpt>
      <trkpt lat="47.38678" lon="10.99121">
        <ele>1813.97751</ele>
      </trkpt>
      <trkpt lat="47.387033" lon="10.991407">
        <ele>1822.40444</ele>
      </trkpt>
      <trkpt lat="47.387161" lon="10.991861">
        <ele>1824.33427</ele>
      </trkpt>
      <trkpt lat="47.387042" lon="10.992099">
        <ele>1825.8161</ele>
      </trkpt>
      <trkpt lat="47.387064" lon="10.992366">
        <ele>1830.79217</ele>
      </trkpt>
      <trkpt lat="47.387425" lon="10.992971">
        <ele>1844.27153</ele>
      </trkpt>
      <trkpt lat="47.387558" lon="10.993695">
        <ele>1860.39889</ele>
      </trkpt>
      <trkpt lat="47.38753" lon="10.995299">
        <ele>1892.48641</ele>
      </trkpt>
      <trkpt lat="47.387565" lon="10.995815">
        <ele>1901.99719</ele>
      </trkpt>
      <trkpt lat="47.387864" lon="10.996325">
        <ele>1915.37388</ele>
      </trkpt>
      <trkpt lat="47.388036" lon="10.996405">
        <ele>1915.73482</ele>
      </trkpt>
      <trkpt lat="47.38815" lon="10.996643">
        <ele>1918.85275</ele>
      </trkpt>
      <trkpt lat="47.388167" lon="10.997094">
        <ele>1924.60459</ele>
      </trkpt>
      <trkpt lat="47.388616" lon="10.997889">
        <ele>1934.91655</ele>
      </trkpt>
      <trkpt lat="47.388801" lon="10.998026">
        <ele>1940.84824</ele>
      </trkpt>
      <trkpt lat="47.388762" lon="10.998698">
        <ele>1950.17244</ele>
      </trkpt>
      <trkpt lat="47.389008" lon="10.998912">
        <ele>1959.64081</ele>
      </trkpt>
      <trkpt lat="47.389148" lon="10.999146">
        <ele>1965.12645</ele>
      </trkpt>
      <trkpt lat="47.389177" lon="10.999632">
        <ele>1971.71834</ele>
      </trkpt>
      <trkpt lat="47.389355" lon="11.000206">
        <ele>1989.68577</ele>
      </trkpt>
      <trkpt lat="47.389349" lon="11.00097">
        <ele>2002.36797</ele>
      </trkpt>
      <trkpt lat="47.389292" lon="11.001636">
        <ele>2010.40537</ele>
      </trkpt>
      <trkpt lat="47.389436" lon="11.002391">
        <ele>2017.13446</ele>
      </trkpt>
      <trkpt lat="47.389343" lon="11.002824">
        <ele>2018.10041</ele>
      </trkpt>
      <trkpt lat="47.389416" lon="11.003298">
        <ele>2022.74548</ele>
      </trkpt>
      <trkpt lat="47.389548" lon="11.003612">
        <ele>2028.47506</ele>
      </trkpt>
      <trkpt lat="47.389567" lon="11.004247">
        <ele>2039.19102</ele>
      </trkpt>
      <trkpt lat="47.389608" lon="11.004417">
        <ele>2045.22532</ele>
      </trkpt>
      <trkpt lat="47.38972" lon="11.004428">
        <ele>2052.37891</ele>
      </trkpt>
      <trkpt lat="47.389756" lon="11.005422">
        <ele>2073.57883</ele>
      </trkpt>
      <trkpt lat="47.389838" lon="11.005356">
        <ele>2077.74647</ele>
      </trkpt>
      <trkpt lat="47.390008" lon="11.006709">
        <ele>2107.40006</ele>
      </trkpt>
      <trkpt lat="47.390036" lon="11.007195">
        <ele>2111.9769</ele>
      </trkpt>
      <trkpt lat="47.390007" lon="11.007695">
        <ele>2116.23396</ele>
      </trkpt>
      <trkpt lat="47.389607" lon="11.008976">
        <ele>2122.81254</ele>
      </trkpt>
      <trkpt lat="47.389728" lon="11.009564">
        <ele>2109.39296</ele>
      </trkpt>
      <trkpt lat="47.390117" lon="11.009621">
        <ele>2100.24734</ele>
      </trkpt>
      <trkpt lat="47.390549" lon="11.00947">
        <ele>2096.47951</ele>
      </trkpt>
      <trkpt lat="47.391001" lon="11.00955">
        <ele>2088.20083</ele>
      </trkpt>
      <trkpt lat="47.391394" lon="11.009683">
        <ele>2077.68947</ele>
      </trkpt>
      <trkpt lat="47.391625" lon="11.010023">
        <ele>2071.30319</ele>
      </trkpt>
      <trkpt lat="47.391765" lon="11.009969">
        <ele>2070.30409</ele>
      </trkpt>
      <trkpt lat="47.392177" lon="11.01013">
        <ele>2073.58101</ele>
      </trkpt>
      <trkpt lat="47.39257" lon="11.010678">
        <ele>2070.44629</ele>
      </trkpt>
      <trkpt lat="47.393165" lon="11.012103">
        <ele>2064.13672</ele>
        <name>Wildermieming, Mieming, Garmisch-Partenkirchen</name>
        <extensions>
          <oa:locType>calcWayPoint</oa:locType>
          <oa:Extension>
            <oa:mapZoom>12</oa:mapZoom>
          </oa:Extension>
        </extensions>
      </trkpt>
      <trkpt lat="47.393117" lon="11.012296">
        <ele>2057.35148</ele>
      </trkpt>
      <trkpt lat="47.39314" lon="11.013414">
        <ele>2048.01266</ele>
      </trkpt>
      <trkpt lat="47.392925" lon="11.014254">
        <ele>2050.01002</ele>
      </trkpt>
      <trkpt lat="47.392906" lon="11.014693">
        <ele>2046.92644</ele>
      </trkpt>
      <trkpt lat="47.391855" lon="11.01578">
        <ele>2066.50666</ele>
      </trkpt>
      <trkpt lat="47.391173" lon="11.01671">
        <ele>2089.18601</ele>
      </trkpt>
      <trkpt lat="47.390565" lon="11.017912">
        <ele>2139.4975</ele>
      </trkpt>
      <trkpt lat="47.390063" lon="11.018232">
        <ele>2162.03481</ele>
      </trkpt>
      <trkpt lat="47.389848" lon="11.018726">
        <ele>2180.72539</ele>
      </trkpt>
      <trkpt lat="47.38963" lon="11.019594">
        <ele>2197.76861</ele>
      </trkpt>
      <trkpt lat="47.389714" lon="11.02048">
        <ele>2178.3211</ele>
      </trkpt>
      <trkpt lat="47.389815" lon="11.02124">
        <ele>2165.25463</ele>
      </trkpt>
      <trkpt lat="47.390013" lon="11.022235">
        <ele>2176.46384</ele>
      </trkpt>
      <trkpt lat="47.389718" lon="11.023457">
        <ele>2184.78718</ele>
      </trkpt>
      <trkpt lat="47.389554" lon="11.024148">
        <ele>2189.84163</ele>
      </trkpt>
      <trkpt lat="47.388758" lon="11.02536">
        <ele>2204.00437</ele>
      </trkpt>
      <trkpt lat="47.388733" lon="11.025519">
        <ele>2203.84613</ele>
      </trkpt>
      <trkpt lat="47.388951" lon="11.026038">
        <ele>2193.86869</ele>
      </trkpt>
      <trkpt lat="47.388805" lon="11.02598">
        <ele>2189.26682</ele>
      </trkpt>
      <trkpt lat="47.388857" lon="11.026662">
        <ele>2170.90189</ele>
      </trkpt>
      <trkpt lat="47.389019" lon="11.027016">
        <ele>2161.42538</ele>
      </trkpt>
      <trkpt lat="47.388862" lon="11.027073">
        <ele>2156.09111</ele>
      </trkpt>
      <trkpt lat="47.388992" lon="11.027193">
        <ele>2153.88556</ele>
      </trkpt>
      <trkpt lat="47.388883" lon="11.027318">
        <ele>2147.93379</ele>
      </trkpt>
      <trkpt lat="47.38897" lon="11.027442">
        <ele>2144.32988</ele>
      </trkpt>
      <trkpt lat="47.388685" lon="11.027786">
        <ele>2131.12955</ele>
      </trkpt>
      <trkpt lat="47.388795" lon="11.027958">
        <ele>2125.72015</ele>
      </trkpt>
      <trkpt lat="47.388785" lon="11.028258">
        <ele>2117.94838</ele>
      </trkpt>
      <trkpt lat="47.388437" lon="11.029227">
        <ele>2090.95519</ele>
      </trkpt>
      <trkpt lat="47.387978" lon="11.029983">
        <ele>2071.00644</ele>
      </trkpt>
      <trkpt lat="47.387448" lon="11.030684">
        <ele>2054.23957</ele>
      </trkpt>
      <trkpt lat="47.387078" lon="11.031613">
        <ele>2032.98619</ele>
      </trkpt>
      <trkpt lat="47.38693" lon="11.031809">
        <ele>2029.77114</ele>
      </trkpt>
      <trkpt lat="47.386797" lon="11.032161">
        <ele>2026.16466</ele>
      </trkpt>
      <trkpt lat="47.386771" lon="11.032682">
        <ele>2021.48947</ele>
      </trkpt>
      <trkpt lat="47.38655" lon="11.033189">
        <ele>2019.50753</ele>
      </trkpt>
      <trkpt lat="47.386366" lon="11.034142">
        <ele>2001.93273</ele>
      </trkpt>
      <trkpt lat="47.38637" lon="11.034577">
        <ele>1994.13687</ele>
      </trkpt>
      <trkpt lat="47.386192" lon="11.034653">
        <ele>1988.88274</ele>
      </trkpt>
      <trkpt lat="47.386214" lon="11.035384">
        <ele>1974.82278</ele>
      </trkpt>
      <trkpt lat="47.386312" lon="11.035867">
        <ele>1964.23096</ele>
      </trkpt>
      <trkpt lat="47.386123" lon="11.036556">
        <ele>1948.23489</ele>
      </trkpt>
      <trkpt lat="47.386066" lon="11.037254">
        <ele>1933.25275</ele>
      </trkpt>
      <trkpt lat="47.386251" lon="11.037824">
        <ele>1932.30998</ele>
      </trkpt>
      <trkpt lat="47.386573" lon="11.037492">
        <ele>1925.3743</ele>
      </trkpt>
      <trkpt lat="47.386627" lon="11.03724">
        <ele>1922.72583</ele>
      </trkpt>
      <trkpt lat="47.386814" lon="11.037013">
        <ele>1916.34214</ele>
      </trkpt>
      <trkpt lat="47.38696" lon="11.037014">
        <ele>1914.0163</ele>
      </trkpt>
      <trkpt lat="47.387125" lon="11.037938">
        <ele>1908.99108</ele>
      </trkpt>
      <trkpt lat="47.387302" lon="11.03804">
        <ele>1908.01757</ele>
      </trkpt>
      <trkpt lat="47.387187" lon="11.039223">
        <ele>1920.88851</ele>
      </trkpt>
      <trkpt lat="47.386988" lon="11.039562">
        <ele>1927.06566</ele>
      </trkpt>
      <trkpt lat="47.387244" lon="11.040348">
        <ele>1950.43162</ele>
      </trkpt>
      <trkpt lat="47.387113" lon="11.041344">
        <ele>1962.80402</ele>
      </trkpt>
      <trkpt lat="47.387195" lon="11.041927">
        <ele>1967.19205</ele>
      </trkpt>
      <trkpt lat="47.387425" lon="11.042553">
        <ele>1970.30136</ele>
      </trkpt>
      <trkpt lat="47.387428" lon="11.042883">
        <ele>1975.12076</ele>
      </trkpt>
      <trkpt lat="47.387599" lon="11.042824">
        <ele>1982.69568</ele>
      </trkpt>
      <trkpt lat="47.387672" lon="11.042988">
        <ele>1989.23017</ele>
      </trkpt>
      <trkpt lat="47.387466" lon="11.04353">
        <ele>2000.83495</ele>
      </trkpt>
      <trkpt lat="47.387216" lon="11.04376">
        <ele>2008.03756</ele>
      </trkpt>
      <trkpt lat="47.387041" lon="11.044384">
        <ele>2024.25854</ele>
      </trkpt>
      <trkpt lat="47.387366" lon="11.044275">
        <ele>2030.25995</ele>
      </trkpt>
      <trkpt lat="47.3872" lon="11.044593">
        <ele>2038.48109</ele>
      </trkpt>
      <trkpt lat="47.387414" lon="11.044551">
        <ele>2043.16898</ele>
      </trkpt>
      <trkpt lat="47.38728" lon="11.044901">
        <ele>2052.01111</ele>
      </trkpt>
      <trkpt lat="47.387477" lon="11.044836">
        <ele>2056.67238</ele>
      </trkpt>
      <trkpt lat="47.386817" lon="11.047481">
        <ele>2098.38437</ele>
      </trkpt>
      <trkpt lat="47.387332" lon="11.047746">
        <ele>2098.31941</ele>
      </trkpt>
      <trkpt lat="47.387904" lon="11.048425">
        <ele>2097.29087</ele>
      </trkpt>
      <trkpt lat="47.388257" lon="11.048413">
        <ele>2096.78311</ele>
      </trkpt>
      <trkpt lat="47.388553" lon="11.048699">
        <ele>2096.3327</ele>
      </trkpt>
      <trkpt lat="47.38842" lon="11.049372">
        <ele>2101.83025</ele>
      </trkpt>
      <trkpt lat="47.388756" lon="11.049555">
        <ele>2103.73248</ele>
      </trkpt>
      <trkpt lat="47.388827" lon="11.050357">
        <ele>2102.51069</ele>
      </trkpt>
      <trkpt lat="47.388668" lon="11.052166">
        <ele>2108.18572</ele>
      </trkpt>
      <trkpt lat="47.388836" lon="11.052917">
        <ele>2120.43479</ele>
      </trkpt>
      <trkpt lat="47.389179" lon="11.053606">
        <ele>2125.7252</ele>
      </trkpt>
      <trkpt lat="47.389071" lon="11.053898">
        <ele>2127.05392</ele>
      </trkpt>
      <trkpt lat="47.388718" lon="11.054258">
        <ele>2129.775</ele>
      </trkpt>
      <trkpt lat="47.388542" lon="11.054961">
        <ele>2130.28623</ele>
      </trkpt>
      <trkpt lat="47.388091" lon="11.055852">
        <ele>2131.66622</ele>
      </trkpt>
      <trkpt lat="47.387623" lon="11.056025">
        <ele>2128.66801</ele>
      </trkpt>
      <trkpt lat="47.38709" lon="11.056441">
        <ele>2116.73169</ele>
      </trkpt>
      <trkpt lat="47.38663" lon="11.056449">
        <ele>2110.51723</ele>
      </trkpt>
      <trkpt lat="47.386912" lon="11.056952">
        <ele>2103.04951</ele>
      </trkpt>
      <trkpt lat="47.386992" lon="11.057447">
        <ele>2098.29124</ele>
      </trkpt>
      <trkpt lat="47.387624" lon="11.058258">
        <ele>2089.12314</ele>
      </trkpt>
      <trkpt lat="47.387563" lon="11.058488">
        <ele>2082.48939</ele>
      </trkpt>
      <trkpt lat="47.387037" lon="11.059174">
        <ele>2046.27925</ele>
      </trkpt>
      <trkpt lat="47.387031" lon="11.059556">
        <ele>2037.00871</ele>
      </trkpt>
      <trkpt lat="47.386873" lon="11.059518">
        <ele>2031.03688</ele>
      </trkpt>
      <trkpt lat="47.386684" lon="11.060032">
        <ele>2011.80535</ele>
      </trkpt>
      <trkpt lat="47.386523" lon="11.060176">
        <ele>2001.77082</ele>
      </trkpt>
      <trkpt lat="47.386725" lon="11.060521">
        <ele>1998.31939</ele>
      </trkpt>
      <trkpt lat="47.387003" lon="11.06039">
        <ele>1999.33199</ele>
      </trkpt>
      <trkpt lat="47.387233" lon="11.060586">
        <ele>1994.0903</ele>
      </trkpt>
      <trkpt lat="47.387745" lon="11.061498">
        <ele>1972.59534</ele>
      </trkpt>
      <trkpt lat="47.387606" lon="11.061589">
        <ele>1970.05927</ele>
        <name>Leutasch, Innsbruck-Land</name>
        <extensions>
          <oa:locType>calcWayPoint</oa:locType>
          <oa:Extension>
            <oa:mapZoom>12</oa:mapZoom>
          </oa:Extension>
        </extensions>
      </trkpt>
      <trkpt lat="47.387395" lon="11.061535">
        <ele>1963.59485</ele>
      </trkpt>
      <trkpt lat="47.387559" lon="11.062139">
        <ele>1944.67517</ele>
      </trkpt>
      <trkpt lat="47.387372" lon="11.06223">
        <ele>1937.32172</ele>
      </trkpt>
      <trkpt lat="47.387008" lon="11.0628">
        <ele>1921.53509</ele>
      </trkpt>
      <trkpt lat="47.387057" lon="11.063106">
        <ele>1918.43448</ele>
      </trkpt>
      <trkpt lat="47.386928" lon="11.063822">
        <ele>1903.53075</ele>
      </trkpt>
      <trkpt lat="47.386735" lon="11.06363">
        <ele>1902.07324</ele>
      </trkpt>
      <trkpt lat="47.386416" lon="11.06366">
        <ele>1898.08103</ele>
      </trkpt>
      <trkpt lat="47.385893" lon="11.064023">
        <ele>1889.0694</ele>
      </trkpt>
      <trkpt lat="47.385728" lon="11.064321">
        <ele>1884.35173</ele>
      </trkpt>
      <trkpt lat="47.385576" lon="11.065482">
        <ele>1870.91164</ele>
      </trkpt>
      <trkpt lat="47.385314" lon="11.065734">
        <ele>1865.21819</ele>
      </trkpt>
      <trkpt lat="47.38499" lon="11.065824">
        <ele>1859.20124</ele>
      </trkpt>
      <trkpt lat="47.384675" lon="11.065737">
        <ele>1856.73339</ele>
      </trkpt>
      <trkpt lat="47.384334" lon="11.06643">
        <ele>1845.55323</ele>
      </trkpt>
      <trkpt lat="47.384685" lon="11.066215">
        <ele>1843.65919</ele>
      </trkpt>
      <trkpt lat="47.38493" lon="11.066322">
        <ele>1841.8657</ele>
      </trkpt>
      <trkpt lat="47.384618" lon="11.066553">
        <ele>1834.70296</ele>
      </trkpt>
      <trkpt lat="47.384364" lon="11.067088">
        <ele>1825.87208</ele>
      </trkpt>
      <trkpt lat="47.383901" lon="11.066972">
        <ele>1817.65021</ele>
      </trkpt>
      <trkpt lat="47.383535" lon="11.066597">
        <ele>1812.47913</ele>
      </trkpt>
      <trkpt lat="47.382615" lon="11.06652">
        <ele>1795.72024</ele>
      </trkpt>
      <trkpt lat="47.38259" lon="11.066621">
        <ele>1792.64427</ele>
      </trkpt>
      <trkpt lat="47.38313" lon="11.067088">
        <ele>1782.31193</ele>
      </trkpt>
      <trkpt lat="47.382268" lon="11.066957">
        <ele>1768.41335</ele>
      </trkpt>
      <trkpt lat="47.38166" lon="11.067175">
        <ele>1760.39004</ele>
      </trkpt>
      <trkpt lat="47.381053" lon="11.066527">
        <ele>1750.64213</ele>
      </trkpt>
      <trkpt lat="47.379751" lon="11.065741">
        <ele>1728.75892</ele>
      </trkpt>
      <trkpt lat="47.380737" lon="11.067244">
        <ele>1707.53089</ele>
      </trkpt>
      <trkpt lat="47.381097" lon="11.068297">
        <ele>1696.4329</ele>
      </trkpt>
      <trkpt lat="47.38126" lon="11.068493">
        <ele>1694.00901</ele>
      </trkpt>
      <trkpt lat="47.381153" lon="11.06855">
        <ele>1689.66701</ele>
      </trkpt>
      <trkpt lat="47.380783" lon="11.068035">
        <ele>1682.77875</ele>
      </trkpt>
      <trkpt lat="47.380167" lon="11.067644">
        <ele>1671.02844</ele>
      </trkpt>
      <trkpt lat="47.37981" lon="11.067263">
        <ele>1663.70737</ele>
      </trkpt>
      <trkpt lat="47.380581" lon="11.069336">
        <ele>1638.61274</ele>
      </trkpt>
      <trkpt lat="47.380069" lon="11.068948">
        <ele>1629.27285</ele>
      </trkpt>
      <trkpt lat="47.380138" lon="11.069384">
        <ele>1621.61267</ele>
      </trkpt>
      <trkpt lat="47.379692" lon="11.068779">
        <ele>1611.87253</ele>
      </trkpt>
      <trkpt lat="47.379228" lon="11.068558">
        <ele>1601.28901</ele>
      </trkpt>
      <trkpt lat="47.378549" lon="11.068598">
        <ele>1585.56381</ele>
      </trkpt>
      <trkpt lat="47.378259" lon="11.068394">
        <ele>1580.19219</ele>
      </trkpt>
      <trkpt lat="47.378049" lon="11.068522">
        <ele>1574.67565</ele>
      </trkpt>
      <trkpt lat="47.377768" lon="11.068451">
        <ele>1571.04978</ele>
      </trkpt>
      <trkpt lat="47.377634" lon="11.068258">
        <ele>1570.37198</ele>
      </trkpt>
      <trkpt lat="47.377457" lon="11.068401">
        <ele>1566.1207</ele>
      </trkpt>
      <trkpt lat="47.377381" lon="11.068232">
        <ele>1563.21446</ele>
      </trkpt>
      <trkpt lat="47.377421" lon="11.067761">
        <ele>1558.9318</ele>
      </trkpt>
      <trkpt lat="47.377296" lon="11.067679">
        <ele>1557.87291</ele>
      </trkpt>
      <trkpt lat="47.376733" lon="11.068317">
        <ele>1541.04492</ele>
      </trkpt>
      <trkpt lat="47.376644" lon="11.068125">
        <ele>1538.97109</ele>
      </trkpt>
      <trkpt lat="47.376416" lon="11.068038">
        <ele>1534.40386</ele>
      </trkpt>
      <trkpt lat="47.376446" lon="11.068331">
        <ele>1528.34662</ele>
      </trkpt>
      <trkpt lat="47.376351" lon="11.06861">
        <ele>1522.55416</ele>
      </trkpt>
      <trkpt lat="47.376251" lon="11.068461">
        <ele>1519.72837</ele>
      </trkpt>
      <trkpt lat="47.375903" lon="11.068395">
        <ele>1511.92982</ele>
      </trkpt>
      <trkpt lat="47.375983" lon="11.06895">
        <ele>1503.12946</ele>
      </trkpt>
      <trkpt lat="47.375816" lon="11.068877">
        <ele>1498.09786</ele>
      </trkpt>
      <trkpt lat="47.375743" lon="11.069222">
        <ele>1492.63331</ele>
      </trkpt>
      <trkpt lat="47.375515" lon="11.069319">
        <ele>1486.51019</ele>
      </trkpt>
      <trkpt lat="47.37391" lon="11.068472">
        <ele>1451.56197</ele>
      </trkpt>
      <trkpt lat="47.373697" lon="11.068093">
        <ele>1446.76534</ele>
      </trkpt>
      <trkpt lat="47.373018" lon="11.067633">
        <ele>1441.25333</ele>
      </trkpt>
      <trkpt lat="47.372303" lon="11.067822">
        <ele>1441.78741</ele>
      </trkpt>
      <trkpt lat="47.371493" lon="11.068553">
        <ele>1438.4004</ele>
      </trkpt>
      <trkpt lat="47.371342" lon="11.06919">
        <ele>1437.58598</ele>
      </trkpt>
      <trkpt lat="47.370557" lon="11.0704">
        <ele>1433.9397</ele>
      </trkpt>
      <trkpt lat="47.370536" lon="11.07097">
        <ele>1431.76879</ele>
      </trkpt>
      <trkpt lat="47.370328" lon="11.071081">
        <ele>1431.54517</ele>
      </trkpt>
      <trkpt lat="47.370258" lon="11.071256">
        <ele>1431.84014</ele>
      </trkpt>
      <trkpt lat="47.369965" lon="11.071266">
        <ele>1433.49248</ele>
      </trkpt>
      <trkpt lat="47.369337" lon="11.071932">
        <ele>1429.78175</ele>
      </trkpt>
      <trkpt lat="47.368825" lon="11.073231">
        <ele>1426.70925</ele>
      </trkpt>
      <trkpt lat="47.368769" lon="11.074311">
        <ele>1425.19709</ele>
      </trkpt>
      <trkpt lat="47.368362" lon="11.075802">
        <ele>1413.00718</ele>
      </trkpt>
      <trkpt lat="47.368446" lon="11.076959">
        <ele>1412.4045</ele>
      </trkpt>
      <trkpt lat="47.368629" lon="11.077263">
        <ele>1412.23961</ele>
      </trkpt>
      <trkpt lat="47.369352" lon="11.079987">
        <ele>1414.62979</ele>
      </trkpt>
      <trkpt lat="47.369953" lon="11.081145">
        <ele>1413.71285</ele>
      </trkpt>
      <trkpt lat="47.370424" lon="11.081707">
        <ele>1410.76222</ele>
      </trkpt>
      <trkpt lat="47.370714" lon="11.081881">
        <ele>1412.44906</ele>
      </trkpt>
      <trkpt lat="47.370758" lon="11.082119">
        <ele>1410.00664</ele>
      </trkpt>
      <trkpt lat="47.370132" lon="11.08212">
        <ele>1402.53653</ele>
      </trkpt>
      <trkpt lat="47.369867" lon="11.082346">
        <ele>1397.00212</ele>
      </trkpt>
      <trkpt lat="47.369283" lon="11.083182">
        <ele>1382.99881</ele>
      </trkpt>
      <trkpt lat="47.368752" lon="11.083682">
        <ele>1373.06544</ele>
      </trkpt>
      <trkpt lat="47.368518" lon="11.084274">
        <ele>1363.97437</ele>
      </trkpt>
      <trkpt lat="47.367553" lon="11.08576">
        <ele>1345.77001</ele>
      </trkpt>
      <trkpt lat="47.367259" lon="11.08642">
        <ele>1338.65031</ele>
      </trkpt>
      <trkpt lat="47.36668" lon="11.086962">
        <ele>1330.63142</ele>
      </trkpt>
      <trkpt lat="47.366307" lon="11.087084">
        <ele>1326.76426</ele>
      </trkpt>
      <trkpt lat="47.365845" lon="11.087925">
        <ele>1318.51815</ele>
      </trkpt>
      <trkpt lat="47.365749" lon="11.088792">
        <ele>1312.58633</ele>
      </trkpt>
      <trkpt lat="47.365553" lon="11.089429">
        <ele>1304.22588</ele>
      </trkpt>
      <trkpt lat="47.365345" lon="11.089678">
        <ele>1299.61014</ele>
      </trkpt>
      <trkpt lat="47.365247" lon="11.090235">
        <ele>1291.40007</ele>
      </trkpt>
      <trkpt lat="47.364992" lon="11.089933">
        <ele>1283.89048</ele>
      </trkpt>
      <trkpt lat="47.364784" lon="11.090453">
        <ele>1276.33947</ele>
      </trkpt>
      <trkpt lat="47.364867" lon="11.090684">
        <ele>1274.85889</ele>
      </trkpt>
      <trkpt lat="47.364736" lon="11.091035">
        <ele>1268.01071</ele>
      </trkpt>
      <trkpt lat="47.36501" lon="11.0912">
        <ele>1262.35487</ele>
      </trkpt>
      <trkpt lat="47.364846" lon="11.09152">
        <ele>1256.22833</ele>
      </trkpt>
      <trkpt lat="47.36468" lon="11.091457">
        <ele>1252.18421</ele>
        <name>Leutasch, Innsbruck-Land</name>
        <extensions>
          <oa:locType>calcWayPoint</oa:locType>
          <oa:Extension>
            <oa:mapZoom>12</oa:mapZoom>
          </oa:Extension>
        </extensions>
      </trkpt>
      <trkpt lat="47.364524" lon="11.09122">
        <ele>1254.36473</ele>
      </trkpt>
      <trkpt lat="47.364511" lon="11.090497">
        <ele>1259.21771</ele>
      </trkpt>
      <trkpt lat="47.364602" lon="11.089343">
        <ele>1266.61876</ele>
      </trkpt>
      <trkpt lat="47.364864" lon="11.088401">
        <ele>1273.25339</ele>
      </trkpt>
      <trkpt lat="47.36476" lon="11.086891">
        <ele>1284.85331</ele>
      </trkpt>
      <trkpt lat="47.364583" lon="11.086624">
        <ele>1286.11728</ele>
      </trkpt>
      <trkpt lat="47.364585" lon="11.086146">
        <ele>1289.41077</ele>
      </trkpt>
      <trkpt lat="47.364332" lon="11.085903">
        <ele>1292.703</ele>
      </trkpt>
      <trkpt lat="47.36422" lon="11.085374">
        <ele>1297.33061</ele>
      </trkpt>
      <trkpt lat="47.364122" lon="11.085249">
        <ele>1298.74206</ele>
      </trkpt>
      <trkpt lat="47.36377" lon="11.085231">
        <ele>1301.98512</ele>
      </trkpt>
      <trkpt lat="47.36354" lon="11.08473">
        <ele>1303.34003</ele>
      </trkpt>
      <trkpt lat="47.364056" lon="11.082063">
        <ele>1303.18932</ele>
      </trkpt>
      <trkpt lat="47.363984" lon="11.081397">
        <ele>1303.94107</ele>
      </trkpt>
      <trkpt lat="47.364033" lon="11.079335">
        <ele>1307.9724</ele>
      </trkpt>
      <trkpt lat="47.363715" lon="11.077805">
        <ele>1312.44214</ele>
      </trkpt>
      <trkpt lat="47.364619" lon="11.074158">
        <ele>1325.53638</ele>
      </trkpt>
      <trkpt lat="47.364802" lon="11.073822">
        <ele>1325.35282</ele>
      </trkpt>
      <trkpt lat="47.365197" lon="11.07344">
        <ele>1323.99903</ele>
      </trkpt>
      <trkpt lat="47.36534" lon="11.072961">
        <ele>1323.52295</ele>
      </trkpt>
      <trkpt lat="47.365383" lon="11.071562">
        <ele>1321.09795</ele>
      </trkpt>
      <trkpt lat="47.364694" lon="11.070692">
        <ele>1314.67554</ele>
      </trkpt>
      <trkpt lat="47.364568" lon="11.070354">
        <ele>1312.13245</ele>
      </trkpt>
      <trkpt lat="47.36561" lon="11.069792">
        <ele>1303.24878</ele>
      </trkpt>
      <trkpt lat="47.365625" lon="11.069477">
        <ele>1302.32005</ele>
      </trkpt>
      <trkpt lat="47.365459" lon="11.069043">
        <ele>1301.06506</ele>
      </trkpt>
      <trkpt lat="47.365382" lon="11.068194">
        <ele>1296.9135</ele>
      </trkpt>
      <trkpt lat="47.365721" lon="11.066565">
        <ele>1295.79932</ele>
      </trkpt>
      <trkpt lat="47.365954" lon="11.065666">
        <ele>1297.25599</ele>
      </trkpt>
      <trkpt lat="47.366628" lon="11.065024">
        <ele>1298.71198</ele>
      </trkpt>
      <trkpt lat="47.366916" lon="11.063398">
        <ele>1301.13978</ele>
      </trkpt>
      <trkpt lat="47.3673" lon="11.062284">
        <ele>1303.33986</ele>
      </trkpt>
      <trkpt lat="47.367343" lon="11.060572">
        <ele>1306.35492</ele>
      </trkpt>
      <trkpt lat="47.367566" lon="11.059114">
        <ele>1307.394</ele>
      </trkpt>
      <trkpt lat="47.367681" lon="11.05701">
        <ele>1311.72936</ele>
      </trkpt>
      <trkpt lat="47.367604" lon="11.055845">
        <ele>1313.81033</ele>
      </trkpt>
      <trkpt lat="47.367736" lon="11.05504">
        <ele>1315.50061</ele>
      </trkpt>
      <trkpt lat="47.367451" lon="11.053741">
        <ele>1317.84718</ele>
      </trkpt>
      <trkpt lat="47.3673" lon="11.052353">
        <ele>1320.95653</ele>
      </trkpt>
      <trkpt lat="47.367697" lon="11.050326">
        <ele>1330.20937</ele>
      </trkpt>
      <trkpt lat="47.36775" lon="11.049312">
        <ele>1335.03616</ele>
      </trkpt>
      <trkpt lat="47.368004" lon="11.04839">
        <ele>1339.62535</ele>
      </trkpt>
      <trkpt lat="47.368277" lon="11.047859">
        <ele>1341.14619</ele>
      </trkpt>
      <trkpt lat="47.368405" lon="11.047224">
        <ele>1341.46954</ele>
      </trkpt>
      <trkpt lat="47.368501" lon="11.043843">
        <ele>1351.73066</ele>
      </trkpt>
      <trkpt lat="47.368874" lon="11.042536">
        <ele>1356.99617</ele>
      </trkpt>
      <trkpt lat="47.368747" lon="11.041681">
        <ele>1352.94382</ele>
      </trkpt>
      <trkpt lat="47.368747" lon="11.040896">
        <ele>1349.64531</ele>
        <name>Wildruhefläche Gaistal, Leutasch, Wildermieming</name>
        <extensions>
          <oa:locType>calcWayPoint</oa:locType>
          <oa:Extension>
            <oa:mapZoom>12</oa:mapZoom>
          </oa:Extension>
        </extensions>
      </trkpt>
      <trkpt lat="47.368628" lon="11.040992">
        <ele>1351.85276</ele>
      </trkpt>
      <trkpt lat="47.368111" lon="11.040595">
        <ele>1367.69159</ele>
      </trkpt>
      <trkpt lat="47.367886" lon="11.040691">
        <ele>1372.93506</ele>
      </trkpt>
      <trkpt lat="47.367354" lon="11.040523">
        <ele>1389.21163</ele>
      </trkpt>
      <trkpt lat="47.367013" lon="11.040666">
        <ele>1400.14086</ele>
      </trkpt>
      <trkpt lat="47.366782" lon="11.040566">
        <ele>1410.43288</ele>
      </trkpt>
      <trkpt lat="47.366555" lon="11.040769">
        <ele>1419.62298</ele>
      </trkpt>
      <trkpt lat="47.366338" lon="11.040831">
        <ele>1427.73532</ele>
      </trkpt>
      <trkpt lat="47.366096" lon="11.040721">
        <ele>1431.07765</ele>
      </trkpt>
      <trkpt lat="47.365745" lon="11.040734">
        <ele>1436.90437</ele>
      </trkpt>
      <trkpt lat="47.365284" lon="11.04008">
        <ele>1453.95939</ele>
      </trkpt>
      <trkpt lat="47.365342" lon="11.039951">
        <ele>1456.29118</ele>
      </trkpt>
      <trkpt lat="47.365255" lon="11.039597">
        <ele>1462.74068</ele>
      </trkpt>
      <trkpt lat="47.364913" lon="11.038814">
        <ele>1476.43932</ele>
      </trkpt>
      <trkpt lat="47.364978" lon="11.038252">
        <ele>1486.10999</ele>
      </trkpt>
      <trkpt lat="47.364813" lon="11.037908">
        <ele>1493.01362</ele>
      </trkpt>
      <trkpt lat="47.364698" lon="11.038007">
        <ele>1497.90518</ele>
      </trkpt>
      <trkpt lat="47.36439" lon="11.037896">
        <ele>1504.90563</ele>
      </trkpt>
      <trkpt lat="47.364194" lon="11.038063">
        <ele>1506.86913</ele>
      </trkpt>
      <trkpt lat="47.363997" lon="11.037956">
        <ele>1510.99468</ele>
      </trkpt>
      <trkpt lat="47.363933" lon="11.038301">
        <ele>1513.48673</ele>
      </trkpt>
      <trkpt lat="47.363731" lon="11.038333">
        <ele>1518.3158</ele>
      </trkpt>
      <trkpt lat="47.363613" lon="11.038728">
        <ele>1521.61109</ele>
      </trkpt>
      <trkpt lat="47.363656" lon="11.039018">
        <ele>1521.13912</ele>
      </trkpt>
      <trkpt lat="47.363554" lon="11.039594">
        <ele>1526.47899</ele>
      </trkpt>
      <trkpt lat="47.363336" lon="11.040048">
        <ele>1531.32525</ele>
      </trkpt>
      <trkpt lat="47.363329" lon="11.040659">
        <ele>1536.04585</ele>
      </trkpt>
      <trkpt lat="47.363148" lon="11.040799">
        <ele>1545.22043</ele>
      </trkpt>
      <trkpt lat="47.363286" lon="11.041217">
        <ele>1540.0326</ele>
      </trkpt>
      <trkpt lat="47.363169" lon="11.041346">
        <ele>1544.78045</ele>
      </trkpt>
      <trkpt lat="47.363053" lon="11.040981">
        <ele>1549.43813</ele>
      </trkpt>
      <trkpt lat="47.362835" lon="11.040691">
        <ele>1561.5265</ele>
      </trkpt>
      <trkpt lat="47.362843" lon="11.041096">
        <ele>1557.27423</ele>
      </trkpt>
      <trkpt lat="47.362632" lon="11.041636">
        <ele>1562.06296</ele>
      </trkpt>
      <trkpt lat="47.362492" lon="11.0417">
        <ele>1565.30801</ele>
      </trkpt>
      <trkpt lat="47.362494" lon="11.041923">
        <ele>1565.17899</ele>
      </trkpt>
      <trkpt lat="47.362272" lon="11.042093">
        <ele>1567.3365</ele>
      </trkpt>
      <trkpt lat="47.362283" lon="11.042429">
        <ele>1572.69719</ele>
      </trkpt>
      <trkpt lat="47.361806" lon="11.042662">
        <ele>1591.83071</ele>
      </trkpt>
      <trkpt lat="47.361927" lon="11.041789">
        <ele>1602.90965</ele>
      </trkpt>
      <trkpt lat="47.361883" lon="11.041496">
        <ele>1609.72568</ele>
      </trkpt>
      <trkpt lat="47.36168" lon="11.041797">
        <ele>1615.46335</ele>
      </trkpt>
      <trkpt lat="47.361476" lon="11.041797">
        <ele>1622.45719</ele>
      </trkpt>
      <trkpt lat="47.361328" lon="11.041964">
        <ele>1627.3507</ele>
      </trkpt>
      <trkpt lat="47.36104" lon="11.041936">
        <ele>1637.30608</ele>
      </trkpt>
      <trkpt lat="47.360515" lon="11.043118">
        <ele>1661.84052</ele>
      </trkpt>
      <trkpt lat="47.360482" lon="11.043444">
        <ele>1665.03106</ele>
      </trkpt>
      <trkpt lat="47.360173" lon="11.04388">
        <ele>1678.91392</ele>
      </trkpt>
      <trkpt lat="47.360027" lon="11.044341">
        <ele>1688.66031</ele>
      </trkpt>
      <trkpt lat="47.35995" lon="11.044125">
        <ele>1693.5811</ele>
      </trkpt>
      <trkpt lat="47.359585" lon="11.04471">
        <ele>1711.31669</ele>
      </trkpt>
      <trkpt lat="47.359503" lon="11.044168">
        <ele>1721.80843</ele>
      </trkpt>
      <trkpt lat="47.359099" lon="11.044985">
        <ele>1740.49307</ele>
      </trkpt>
      <trkpt lat="47.359029" lon="11.044329">
        <ele>1752.78504</ele>
      </trkpt>
      <trkpt lat="47.358882" lon="11.044468">
        <ele>1759.49417</ele>
      </trkpt>
      <trkpt lat="47.358829" lon="11.043967">
        <ele>1770.72483</ele>
      </trkpt>
      <trkpt lat="47.358504" lon="11.04435">
        <ele>1787.94748</ele>
      </trkpt>
      <trkpt lat="47.35854" lon="11.044135">
        <ele>1790.36516</ele>
      </trkpt>
      <trkpt lat="47.358427" lon="11.044197">
        <ele>1796.71002</ele>
      </trkpt>
      <trkpt lat="47.358346" lon="11.044">
        <ele>1803.23472</ele>
      </trkpt>
      <trkpt lat="47.358446" lon="11.04338">
        <ele>1808.59574</ele>
      </trkpt>
      <trkpt lat="47.358381" lon="11.043191">
        <ele>1817.80846</ele>
      </trkpt>
      <trkpt lat="47.358286" lon="11.043288">
        <ele>1822.58498</ele>
      </trkpt>
      <trkpt lat="47.358411" lon="11.042399">
        <ele>1839.71654</ele>
      </trkpt>
      <trkpt lat="47.358413" lon="11.041805">
        <ele>1847.76591</ele>
      </trkpt>
      <trkpt lat="47.358329" lon="11.04178">
        <ele>1852.86446</ele>
      </trkpt>
      <trkpt lat="47.357822" lon="11.042655">
        <ele>1882.62744</ele>
      </trkpt>
      <trkpt lat="47.35751" lon="11.043575">
        <ele>1892.34094</ele>
      </trkpt>
      <trkpt lat="47.357066" lon="11.044255">
        <ele>1920.69123</ele>
      </trkpt>
      <trkpt lat="47.356979" lon="11.044223">
        <ele>1927.04987</ele>
      </trkpt>
      <trkpt lat="47.356905" lon="11.044505">
        <ele>1932.52895</ele>
      </trkpt>
      <trkpt lat="47.356637" lon="11.044703">
        <ele>1950.94414</ele>
      </trkpt>
      <trkpt lat="47.356592" lon="11.044489">
        <ele>1955.8952</ele>
      </trkpt>
      <trkpt lat="47.35628" lon="11.045187">
        <ele>1967.55141</ele>
      </trkpt>
      <trkpt lat="47.356113" lon="11.045047">
        <ele>1981.9684</ele>
      </trkpt>
      <trkpt lat="47.356189" lon="11.044771">
        <ele>1983.6116</ele>
      </trkpt>
      <trkpt lat="47.355995" lon="11.044968">
        <ele>1993.80243</ele>
      </trkpt>
      <trkpt lat="47.35509" lon="11.04735">
        <ele>2036.95804</ele>
      </trkpt>
      <trkpt lat="47.354754" lon="11.046684">
        <ele>2053.12829</ele>
      </trkpt>
      <trkpt lat="47.354612" lon="11.045925">
        <ele>2062.14118</ele>
      </trkpt>
      <trkpt lat="47.354343" lon="11.04568">
        <ele>2050.70539</ele>
      </trkpt>
      <trkpt lat="47.354157" lon="11.045084">
        <ele>2053.45543</ele>
      </trkpt>
      <trkpt lat="47.354067" lon="11.044182">
        <ele>2047.96382</ele>
      </trkpt>
      <trkpt lat="47.353774" lon="11.043331">
        <ele>2033.30449</ele>
      </trkpt>
      <trkpt lat="47.352783" lon="11.041878">
        <ele>1990.4875</ele>
      </trkpt>
      <trkpt lat="47.352513" lon="11.041157">
        <ele>1973.69591</ele>
      </trkpt>
      <trkpt lat="47.352569" lon="11.040711">
        <ele>1968.83369</ele>
      </trkpt>
      <trkpt lat="47.352499" lon="11.039786">
        <ele>1954.54226</ele>
      </trkpt>
      <trkpt lat="47.352314" lon="11.039229">
        <ele>1936.99571</ele>
      </trkpt>
      <trkpt lat="47.352271" lon="11.039165">
        <ele>1933.90545</ele>
      </trkpt>
      <trkpt lat="47.351915" lon="11.03975">
        <ele>1910.11209</ele>
      </trkpt>
      <trkpt lat="47.351809" lon="11.040079">
        <ele>1903.63324</ele>
      </trkpt>
      <trkpt lat="47.351479" lon="11.040414">
        <ele>1891.9376</ele>
      </trkpt>
      <trkpt lat="47.351508" lon="11.039828">
        <ele>1879.371</ele>
      </trkpt>
      <trkpt lat="47.351167" lon="11.039293">
        <ele>1853.27294</ele>
      </trkpt>
      <trkpt lat="47.350894" lon="11.037997">
        <ele>1823.59906</ele>
      </trkpt>
      <trkpt lat="47.350741" lon="11.037929">
        <ele>1812.46383</ele>
      </trkpt>
      <trkpt lat="47.350589" lon="11.037489">
        <ele>1804.93772</ele>
      </trkpt>
      <trkpt lat="47.350512" lon="11.037797">
        <ele>1795.92566</ele>
      </trkpt>
      <trkpt lat="47.350368" lon="11.037508">
        <ele>1789.60798</ele>
      </trkpt>
      <trkpt lat="47.350164" lon="11.037431">
        <ele>1775.99831</ele>
      </trkpt>
      <trkpt lat="47.350139" lon="11.037921">
        <ele>1764.17153</ele>
      </trkpt>
      <trkpt lat="47.349885" lon="11.03758">
        <ele>1750.0466</ele>
      </trkpt>
      <trkpt lat="47.349794" lon="11.037801">
        <ele>1739.54928</ele>
      </trkpt>
      <trkpt lat="47.34954" lon="11.037235">
        <ele>1724.85527</ele>
      </trkpt>
      <trkpt lat="47.349433" lon="11.037271">
        <ele>1716.4692</ele>
      </trkpt>
      <trkpt lat="47.349331" lon="11.036563">
        <ele>1705.63784</ele>
      </trkpt>
      <trkpt lat="47.34912" lon="11.036169">
        <ele>1690.80239</ele>
      </trkpt>
      <trkpt lat="47.348989" lon="11.036251">
        <ele>1682.69413</ele>
      </trkpt>
      <trkpt lat="47.348822" lon="11.036141">
        <ele>1671.70767</ele>
      </trkpt>
      <trkpt lat="47.348481" lon="11.036295">
        <ele>1647.3738</ele>
      </trkpt>
      <trkpt lat="47.348224" lon="11.036203">
        <ele>1631.25458</ele>
      </trkpt>
      <trkpt lat="47.348159" lon="11.036315">
        <ele>1627.33955</ele>
      </trkpt>
      <trkpt lat="47.348036" lon="11.035875">
        <ele>1617.27748</ele>
      </trkpt>
      <trkpt lat="47.347804" lon="11.035613">
        <ele>1608.86192</ele>
      </trkpt>
      <trkpt lat="47.347675" lon="11.035815">
        <ele>1600.71476</ele>
      </trkpt>
      <trkpt lat="47.347538" lon="11.03574">
        <ele>1593.52855</ele>
      </trkpt>
      <trkpt lat="47.347396" lon="11.036262">
        <ele>1581.49568</ele>
      </trkpt>
      <trkpt lat="47.347339" lon="11.036128">
        <ele>1579.13642</ele>
      </trkpt>
      <trkpt lat="47.347286" lon="11.036267">
        <ele>1575.85285</ele>
      </trkpt>
      <trkpt lat="47.347245" lon="11.036121">
        <ele>1572.91719</ele>
      </trkpt>
      <trkpt lat="47.347083" lon="11.036396">
        <ele>1562.72789</ele>
      </trkpt>
      <trkpt lat="47.346907" lon="11.036214">
        <ele>1551.76429</ele>
      </trkpt>
      <trkpt lat="47.346826" lon="11.036597">
        <ele>1545.0648</ele>
      </trkpt>
      <trkpt lat="47.346659" lon="11.036238">
        <ele>1536.65161</ele>
      </trkpt>
      <trkpt lat="47.346551" lon="11.036328">
        <ele>1530.60594</ele>
      </trkpt>
      <trkpt lat="47.346395" lon="11.036226">
        <ele>1519.75637</ele>
      </trkpt>
      <trkpt lat="47.346244" lon="11.036806">
        <ele>1510.1088</ele>
      </trkpt>
      <trkpt lat="47.346117" lon="11.036684">
        <ele>1504.86535</ele>
      </trkpt>
      <trkpt lat="47.346121" lon="11.037072">
        <ele>1498.47256</ele>
      </trkpt>
      <trkpt lat="47.346378" lon="11.037525">
        <ele>1492.61772</ele>
      </trkpt>
      <trkpt lat="47.346479" lon="11.038017">
        <ele>1484.35839</ele>
      </trkpt>
      <trkpt lat="47.346346" lon="11.038514">
        <ele>1473.20094</ele>
      </trkpt>
      <trkpt lat="47.346056" lon="11.038261">
        <ele>1462.98543</ele>
      </trkpt>
      <trkpt lat="47.345618" lon="11.038184">
        <ele>1446.44898</ele>
      </trkpt>
      <trkpt lat="47.345591" lon="11.038049">
        <ele>1444.32655</ele>
      </trkpt>
      <trkpt lat="47.345465" lon="11.038372">
        <ele>1438.85938</ele>
      </trkpt>
      <trkpt lat="47.345239" lon="11.037986">
        <ele>1427.89634</ele>
      </trkpt>
      <trkpt lat="47.345086" lon="11.03832">
        <ele>1420.21397</ele>
      </trkpt>
      <trkpt lat="47.344737" lon="11.037926">
        <ele>1405.09139</ele>
      </trkpt>
      <trkpt lat="47.344295" lon="11.03786">
        <ele>1386.15015</ele>
      </trkpt>
      <trkpt lat="47.344064" lon="11.038164">
        <ele>1376.05676</ele>
      </trkpt>
      <trkpt lat="47.34369" lon="11.038045">
        <ele>1361.81796</ele>
      </trkpt>
      <trkpt lat="47.34339" lon="11.038342">
        <ele>1349.50683</ele>
      </trkpt>
      <trkpt lat="47.343331" lon="11.038263">
        <ele>1347.60504</ele>
      </trkpt>
      <trkpt lat="47.343183" lon="11.038736">
        <ele>1339.1007</ele>
      </trkpt>
      <trkpt lat="47.343229" lon="11.039062">
        <ele>1333.08175</ele>
      </trkpt>
      <trkpt lat="47.342997" lon="11.03917">
        <ele>1326.42542</ele>
      </trkpt>
      <trkpt lat="47.342644" lon="11.039031">
        <ele>1315.6018</ele>
      </trkpt>
      <trkpt lat="47.342298" lon="11.038541">
        <ele>1302.27783</ele>
      </trkpt>
      <trkpt lat="47.341851" lon="11.038502">
        <ele>1291.85856</ele>
      </trkpt>
      <trkpt lat="47.341817" lon="11.038211">
        <ele>1286.1686</ele>
      </trkpt>
      <trkpt lat="47.341623" lon="11.038161">
        <ele>1283.87686</ele>
      </trkpt>
      <trkpt lat="47.341439" lon="11.03789">
        <ele>1281.68492</ele>
      </trkpt>
      <trkpt lat="47.34113" lon="11.037966">
        <ele>1274.5353</ele>
      </trkpt>
      <trkpt lat="47.340736" lon="11.03827">
        <ele>1265.37993</ele>
      </trkpt>
      <trkpt lat="47.340006" lon="11.039123">
        <ele>1244.93406</ele>
      </trkpt>
      <trkpt lat="47.339238" lon="11.039724">
        <ele>1228.32473</ele>
      </trkpt>
      <trkpt lat="47.338842" lon="11.040359">
        <ele>1217.1527</ele>
      </trkpt>
      <trkpt lat="47.338332" lon="11.040486">
        <ele>1207.41552</ele>
      </trkpt>
      <trkpt lat="47.337802" lon="11.040504">
        <ele>1199.78911</ele>
      </trkpt>
      <trkpt lat="47.337156" lon="11.039958">
        <ele>1189.49732</ele>
      </trkpt>
      <trkpt lat="47.336857" lon="11.039519">
        <ele>1184.88294</ele>
      </trkpt>
      <trkpt lat="47.336126" lon="11.039149">
        <ele>1187.17959</ele>
      </trkpt>
      <trkpt lat="47.335336" lon="11.035754">
        <ele>1207.94888</ele>
      </trkpt>
      <trkpt lat="47.334926" lon="11.034777">
        <ele>1216.2986</ele>
      </trkpt>
      <trkpt lat="47.335124" lon="11.034203">
        <ele>1221.03736</ele>
      </trkpt>
      <trkpt lat="47.33593" lon="11.033474">
        <ele>1232.09133</ele>
      </trkpt>
      <trkpt lat="47.335927" lon="11.032848">
        <ele>1239.19471</ele>
      </trkpt>
      <trkpt lat="47.335713" lon="11.031664">
        <ele>1250.45059</ele>
      </trkpt>
      <trkpt lat="47.336077" lon="11.030375">
        <ele>1264.19945</ele>
      </trkpt>
      <trkpt lat="47.336474" lon="11.029474">
        <ele>1274.81297</ele>
      </trkpt>
      <trkpt lat="47.336366" lon="11.029628">
        <ele>1271.98605</ele>
      </trkpt>
      <trkpt lat="47.336371" lon="11.029487">
        <ele>1272.11452</ele>
      </trkpt>
      <trkpt lat="47.336258" lon="11.029438">
        <ele>1272.58651</ele>
      </trkpt>
      <trkpt lat="47.335547" lon="11.030078">
        <ele>1280.79599</ele>
      </trkpt>
      <trkpt lat="47.335396" lon="11.029948">
        <ele>1282.53234</ele>
      </trkpt>
      <trkpt lat="47.335418" lon="11.029543">
        <ele>1286.34895</ele>
      </trkpt>
      <trkpt lat="47.335322" lon="11.029397">
        <ele>1287.2378</ele>
      </trkpt>
      <trkpt lat="47.334929" lon="11.029936">
        <ele>1292.49851</ele>
      </trkpt>
      <trkpt lat="47.33419" lon="11.029886">
        <ele>1300.56226</ele>
      </trkpt>
      <trkpt lat="47.333619" lon="11.030173">
        <ele>1301.87975</ele>
      </trkpt>
      <trkpt lat="47.332611" lon="11.033121">
        <ele>1311.01002</ele>
      </trkpt>
      <trkpt lat="47.33234" lon="11.034835">
        <ele>1308.48184</ele>
      </trkpt>
      <trkpt lat="47.332216" lon="11.03508">
        <ele>1308.95895</ele>
      </trkpt>
      <trkpt lat="47.332113" lon="11.035056">
        <ele>1309.84713</ele>
      </trkpt>
      <trkpt lat="47.33193" lon="11.034661">
        <ele>1309.28217</ele>
        <name>Wildermieming, Telfs</name>
        <extensions>
          <oa:locType>calcWayPoint</oa:locType>
          <oa:Extension>
            <oa:mapZoom>12</oa:mapZoom>
          </oa:Extension>
        </extensions>
      </trkpt>
      <trkpt lat="47.331647" lon="11.033647">
        <ele>1305.86578</ele>
      </trkpt>
      <trkpt lat="47.331489" lon="11.032265">
        <ele>1301.2444</ele>
      </trkpt>
      <trkpt lat="47.331541" lon="11.031349">
        <ele>1304.96488</ele>
      </trkpt>
      <trkpt lat="47.331716" lon="11.03062">
        <ele>1308.71936</ele>
      </trkpt>
      <trkpt lat="47.33173" lon="11.028825">
        <ele>1314.07921</ele>
      </trkpt>
      <trkpt lat="47.332019" lon="11.027336">
        <ele>1328.54931</ele>
      </trkpt>
      <trkpt lat="47.332046" lon="11.027017">
        <ele>1333.65425</ele>
      </trkpt>
      <trkpt lat="47.332077" lon="11.025735">
        <ele>1335.3141</ele>
      </trkpt>
      <trkpt lat="47.331981" lon="11.025148">
        <ele>1332.33657</ele>
      </trkpt>
      <trkpt lat="47.332297" lon="11.023498">
        <ele>1334.4689</ele>
      </trkpt>
      <trkpt lat="47.332273" lon="11.022865">
        <ele>1333.059</ele>
      </trkpt>
      <trkpt lat="47.332464" lon="11.022313">
        <ele>1339.10674</ele>
      </trkpt>
      <trkpt lat="47.332137" lon="11.021546">
        <ele>1336.45921</ele>
      </trkpt>
      <trkpt lat="47.332171" lon="11.020323">
        <ele>1340.34986</ele>
      </trkpt>
      <trkpt lat="47.332107" lon="11.020253">
        <ele>1334.71711</ele>
      </trkpt>
      <trkpt lat="47.332" lon="11.019736">
        <ele>1326.28575</ele>
      </trkpt>
      <trkpt lat="47.331865" lon="11.019307">
        <ele>1314.99074</ele>
      </trkpt>
      <trkpt lat="47.331913" lon="11.018909">
        <ele>1314.51125</ele>
      </trkpt>
      <trkpt lat="47.331673" lon="11.018543">
        <ele>1302.38062</ele>
      </trkpt>
      <trkpt lat="47.331651" lon="11.018299">
        <ele>1300.32811</ele>
      </trkpt>
      <trkpt lat="47.331321" lon="11.017613">
        <ele>1285.65321</ele>
      </trkpt>
      <trkpt lat="47.331324" lon="11.01706">
        <ele>1279.07884</ele>
      </trkpt>
      <trkpt lat="47.331009" lon="11.016625">
        <ele>1271.03816</ele>
      </trkpt>
      <trkpt lat="47.330547" lon="11.014888">
        <ele>1248.93718</ele>
      </trkpt>
      <trkpt lat="47.330545" lon="11.014347">
        <ele>1245.09997</ele>
      </trkpt>
      <trkpt lat="47.3304" lon="11.013555">
        <ele>1233.65082</ele>
      </trkpt>
      <trkpt lat="47.330509" lon="11.013473">
        <ele>1233.33325</ele>
      </trkpt>
      <trkpt lat="47.330635" lon="11.012957">
        <ele>1225.17879</ele>
      </trkpt>
      <trkpt lat="47.330362" lon="11.012662">
        <ele>1212.97085</ele>
      </trkpt>
      <trkpt lat="47.32996" lon="11.011772">
        <ele>1191.17176</ele>
      </trkpt>
      <trkpt lat="47.329931" lon="11.010912">
        <ele>1182.7845</ele>
      </trkpt>
      <trkpt lat="47.329642" lon="11.010492">
        <ele>1174.39868</ele>
      </trkpt>
      <trkpt lat="47.329697" lon="11.009752">
        <ele>1167.09357</ele>
      </trkpt>
      <trkpt lat="47.329577" lon="11.009628">
        <ele>1161.683</ele>
      </trkpt>
      <trkpt lat="47.329461" lon="11.009091">
        <ele>1153.55105</ele>
      </trkpt>
      <trkpt lat="47.328999" lon="11.008859">
        <ele>1134.60316</ele>
      </trkpt>
      <trkpt lat="47.329216" lon="11.008099">
        <ele>1123.23439</ele>
      </trkpt>
      <trkpt lat="47.328818" lon="11.007849">
        <ele>1118.63244</ele>
      </trkpt>
      <trkpt lat="47.328647" lon="11.006662">
        <ele>1101.79321</ele>
      </trkpt>
      <trkpt lat="47.328451" lon="11.006553">
        <ele>1091.91356</ele>
      </trkpt>
      <trkpt lat="47.328151" lon="11.006607">
        <ele>1078.25505</ele>
      </trkpt>
      <trkpt lat="47.328087" lon="11.006457">
        <ele>1075.19789</ele>
      </trkpt>
      <trkpt lat="47.327763" lon="11.006283">
        <ele>1060.39472</ele>
      </trkpt>
      <trkpt lat="47.327625" lon="11.005961">
        <ele>1054.29695</ele>
      </trkpt>
      <trkpt lat="47.327263" lon="11.00571">
        <ele>1043.39619</ele>
      </trkpt>
      <trkpt lat="47.327098" lon="11.0055">
        <ele>1038.64121</ele>
      </trkpt>
      <trkpt lat="47.327117" lon="11.004749">
        <ele>1037.44669</ele>
      </trkpt>
      <trkpt lat="47.32623" lon="11.004088">
        <ele>1029.88226</ele>
      </trkpt>
      <trkpt lat="47.325749" lon="11.003158">
        <ele>1025.12849</ele>
      </trkpt>
      <trkpt lat="47.325561" lon="11.002056">
        <ele>1018.57593</ele>
      </trkpt>
      <trkpt lat="47.325366" lon="11.001705">
        <ele>1016.67418</ele>
      </trkpt>
      <trkpt lat="47.325071" lon="11.000529">
        <ele>1012.87286</ele>
      </trkpt>
      <trkpt lat="47.325056" lon="11.00027">
        <ele>1011.74523</ele>
      </trkpt>
      <trkpt lat="47.324961" lon="10.999875">
        <ele>1009.35406</ele>
      </trkpt>
      <trkpt lat="47.324935" lon="10.999568">
        <ele>1008.59664</ele>
      </trkpt>
      <trkpt lat="47.324836" lon="10.998982">
        <ele>1005.10837</ele>
      </trkpt>
      <trkpt lat="47.324628" lon="10.99783">
        <ele>999.37112</ele>
      </trkpt>
      <trkpt lat="47.324601" lon="10.997166">
        <ele>997.91735</ele>
      </trkpt>
      <trkpt lat="47.324822" lon="10.994755">
        <ele>987.74849</ele>
      </trkpt>
      <trkpt lat="47.324784" lon="10.993715">
        <ele>980.99025</ele>
      </trkpt>
      <trkpt lat="47.324675" lon="10.993548">
        <ele>978.95777</ele>
      </trkpt>
      <trkpt lat="47.325203" lon="10.993118">
        <ele>986.99598</ele>
      </trkpt>
      <trkpt lat="47.32547" lon="10.992727">
        <ele>992.19133</ele>
      </trkpt>
      <trkpt lat="47.325719" lon="10.992273">
        <ele>998.69043</ele>
      </trkpt>
      <trkpt lat="47.326186" lon="10.991159">
        <ele>1012.47916</ele>
      </trkpt>
      <trkpt lat="47.326297" lon="10.990075">
        <ele>1025.0308</ele>
      </trkpt>
      <trkpt lat="47.325324" lon="10.990403">
        <ele>1011.86796</ele>
      </trkpt>
      <trkpt lat="47.322089" lon="10.989973">
        <ele>984.76223</ele>
      </trkpt>
      <trkpt lat="47.321243" lon="10.989422">
        <ele>980.76284</ele>
      </trkpt>
      <trkpt lat="47.320702" lon="10.98891">
        <ele>977.93239</ele>
      </trkpt>
      <trkpt lat="47.320524" lon="10.988397">
        <ele>978.83241</ele>
      </trkpt>
      <trkpt lat="47.320438" lon="10.987725">
        <ele>981.6662</ele>
      </trkpt>
      <trkpt lat="47.320196" lon="10.985007">
        <ele>982.133</ele>
      </trkpt>
      <trkpt lat="47.31996" lon="10.983535">
        <ele>977.79467</ele>
      </trkpt>
      <trkpt lat="47.31913" lon="10.982884">
        <ele>967.53723</ele>
      </trkpt>
      <trkpt lat="47.319046" lon="10.982737">
        <ele>966.67228</ele>
      </trkpt>
      <trkpt lat="47.318848" lon="10.981956">
        <ele>962.50035</ele>
      </trkpt>
      <trkpt lat="47.318652" lon="10.981273">
        <ele>956.65413</ele>
      </trkpt>
      <trkpt lat="47.318605" lon="10.981201">
        <ele>955.94541</ele>
        <name>Mieming, Imst</name>
        <extensions>
          <oa:locType>calcWayPoint</oa:locType>
          <oa:Extension>
            <oa:mapZoom>12</oa:mapZoom>
          </oa:Extension>
        </extensions>
      </trkpt>
      <trkpt lat="47.318461" lon="10.981122">
        <ele>954.53555</ele>
      </trkpt>
      <trkpt lat="47.319713" lon="10.979849">
        <ele>964.94561</ele>
      </trkpt>
      <trkpt lat="47.320827" lon="10.979099">
        <ele>977.51731</ele>
      </trkpt>
      <trkpt lat="47.322141" lon="10.977632">
        <ele>989.16108</ele>
      </trkpt>
      <trkpt lat="47.32385" lon="10.976638">
        <ele>1012.03185</ele>
      </trkpt>
      <trkpt lat="47.324538" lon="10.9756">
        <ele>1013.42313</ele>
      </trkpt>
      <trkpt lat="47.32516" lon="10.974258">
        <ele>1016.28099</ele>
      </trkpt>
      <trkpt lat="47.325841" lon="10.973111">
        <ele>1024.11128</ele>
      </trkpt>
      <trkpt lat="47.325963" lon="10.972737">
        <ele>1027.64706</ele>
      </trkpt>
      <trkpt lat="47.32615" lon="10.970778">
        <ele>1048.32325</ele>
      </trkpt>
      <trkpt lat="47.327332" lon="10.969946">
        <ele>1069.46065</ele>
      </trkpt>
      <trkpt lat="47.327901" lon="10.969041">
        <ele>1080.26333</ele>
      </trkpt>
      <trkpt lat="47.327905" lon="10.96797">
        <ele>1091.86663</ele>
      </trkpt>
      <trkpt lat="47.328062" lon="10.96777">
        <ele>1098.81647</ele>
      </trkpt>
      <trkpt lat="47.328063" lon="10.96805">
        <ele>1095.91087</ele>
      </trkpt>
      <trkpt lat="47.328162" lon="10.967535">
        <ele>1102.11536</ele>
      </trkpt>
      <trkpt lat="47.328377" lon="10.967381">
        <ele>1104.31159</ele>
      </trkpt>
      <trkpt lat="47.329106" lon="10.967273">
        <ele>1110.39381</ele>
      </trkpt>
      <trkpt lat="47.328844" lon="10.966368">
        <ele>1111.11519</ele>
      </trkpt>
      <trkpt lat="47.328219" lon="10.966421">
        <ele>1111.06243</ele>
      </trkpt>
      <trkpt lat="47.328015" lon="10.966201">
        <ele>1110.01834</ele>
      </trkpt>
      <trkpt lat="47.328109" lon="10.965773">
        <ele>1111.54441</ele>
      </trkpt>
      <trkpt lat="47.328945" lon="10.965131">
        <ele>1111.85997</ele>
      </trkpt>
      <trkpt lat="47.329155" lon="10.964666">
        <ele>1115.46444</ele>
      </trkpt>
      <trkpt lat="47.329344" lon="10.96468">
        <ele>1119.52741</ele>
      </trkpt>
      <trkpt lat="47.329413" lon="10.964071">
        <ele>1126.53983</ele>
      </trkpt>
      <trkpt lat="47.329193" lon="10.961547">
        <ele>1163.79199</ele>
      </trkpt>
      <trkpt lat="47.329344" lon="10.961517">
        <ele>1169.93473</ele>
      </trkpt>
      <trkpt lat="47.329433" lon="10.96105">
        <ele>1179.12666</ele>
      </trkpt>
      <trkpt lat="47.329574" lon="10.961069">
        <ele>1185.08557</ele>
      </trkpt>
      <trkpt lat="47.329432" lon="10.960748">
        <ele>1183.76</ele>
        <name>Mieming, Imst</name>
        <extensions>
          <oa:locType>calcWayPoint</oa:locType>
          <oa:Extension>
            <oa:mapZoom>12</oa:mapZoom>
          </oa:Extension>
        </extensions>
      </trkpt>
      <trkpt lat="47.328943" lon="10.96">
        <ele>1177.93583</ele>
      </trkpt>
      <trkpt lat="47.32871" lon="10.95931">
        <ele>1173.31807</ele>
      </trkpt>
      <trkpt lat="47.328167" lon="10.958822">
        <ele>1169.69913</ele>
      </trkpt>
      <trkpt lat="47.327825" lon="10.958085">
        <ele>1166.82177</ele>
      </trkpt>
      <trkpt lat="47.32731" lon="10.957907">
        <ele>1161.30838</ele>
      </trkpt>
      <trkpt lat="47.326941" lon="10.957524">
        <ele>1156.82487</ele>
      </trkpt>
      <trkpt lat="47.325768" lon="10.956887">
        <ele>1143.92804</ele>
      </trkpt>
      <trkpt lat="47.325387" lon="10.956444">
        <ele>1139.0196</ele>
      </trkpt>
      <trkpt lat="47.325072" lon="10.956099">
        <ele>1133.23315</ele>
      </trkpt>
      <trkpt lat="47.324774" lon="10.955986">
        <ele>1129.01305</ele>
      </trkpt>
      <trkpt lat="47.324833" lon="10.955198">
        <ele>1125.55014</ele>
      </trkpt>
      <trkpt lat="47.324328" lon="10.954657">
        <ele>1119.04593</ele>
      </trkpt>
      <trkpt lat="47.323327" lon="10.953318">
        <ele>1104.41339</ele>
      </trkpt>
      <trkpt lat="47.32276" lon="10.952421">
        <ele>1094.09066</ele>
      </trkpt>
      <trkpt lat="47.322506" lon="10.951724">
        <ele>1098.49667</ele>
      </trkpt>
      <trkpt lat="47.32239" lon="10.95094">
        <ele>1101.77697</ele>
      </trkpt>
      <trkpt lat="47.322411" lon="10.949534">
        <ele>1110.14995</ele>
      </trkpt>
      <trkpt lat="47.32194" lon="10.948178">
        <ele>1118.25876</ele>
      </trkpt>
      <trkpt lat="47.322187" lon="10.947166">
        <ele>1123.6179</ele>
      </trkpt>
      <trkpt lat="47.322001" lon="10.946846">
        <ele>1125.08848</ele>
      </trkpt>
      <trkpt lat="47.321972" lon="10.946284">
        <ele>1127.98222</ele>
      </trkpt>
      <trkpt lat="47.321597" lon="10.945618">
        <ele>1132.40845</ele>
      </trkpt>
      <trkpt lat="47.321671" lon="10.945186">
        <ele>1134.14265</ele>
      </trkpt>
      <trkpt lat="47.321635" lon="10.94458">
        <ele>1137.96352</ele>
      </trkpt>
      <trkpt lat="47.3213" lon="10.944298">
        <ele>1140.04864</ele>
      </trkpt>
      <trkpt lat="47.320935" lon="10.943457">
        <ele>1145.42146</ele>
      </trkpt>
      <trkpt lat="47.320724" lon="10.942235">
        <ele>1148.63931</ele>
      </trkpt>
      <trkpt lat="47.320732" lon="10.941833">
        <ele>1149.74575</ele>
      </trkpt>
      <trkpt lat="47.320295" lon="10.940212">
        <ele>1153.05446</ele>
      </trkpt>
      <trkpt lat="47.319514" lon="10.939605">
        <ele>1155.84114</ele>
      </trkpt>
      <trkpt lat="47.319322" lon="10.938562">
        <ele>1161.00623</ele>
      </trkpt>
      <trkpt lat="47.319042" lon="10.938376">
        <ele>1160.94403</ele>
      </trkpt>
      <trkpt lat="47.319167" lon="10.937686">
        <ele>1163.88735</ele>
      </trkpt>
      <trkpt lat="47.318391" lon="10.936865">
        <ele>1170.44508</ele>
      </trkpt>
      <trkpt lat="47.318234" lon="10.936341">
        <ele>1173.1095</ele>
      </trkpt>
      <trkpt lat="47.317504" lon="10.93575">
        <ele>1174.15252</ele>
      </trkpt>
      <trkpt lat="47.316698" lon="10.934592">
        <ele>1163.45005</ele>
      </trkpt>
      <trkpt lat="47.315927" lon="10.934646">
        <ele>1155.23365</ele>
      </trkpt>
      <trkpt lat="47.315104" lon="10.934103">
        <ele>1145.29052</ele>
      </trkpt>
      <trkpt lat="47.314271" lon="10.932444">
        <ele>1130.90238</ele>
      </trkpt>
      <trkpt lat="47.314006" lon="10.932383">
        <ele>1128.86198</ele>
      </trkpt>
      <trkpt lat="47.313475" lon="10.933018">
        <ele>1122.12003</ele>
      </trkpt>
      <trkpt lat="47.313068" lon="10.932977">
        <ele>1117.59597</ele>
      </trkpt>
      <trkpt lat="47.313" lon="10.932849">
        <ele>1115.88926</ele>
      </trkpt>
      <trkpt lat="47.312997" lon="10.932075">
        <ele>1109.45613</ele>
      </trkpt>
      <trkpt lat="47.312719" lon="10.931738">
        <ele>1106.881</ele>
      </trkpt>
      <trkpt lat="47.31231" lon="10.931682">
        <ele>1102.77149</ele>
      </trkpt>
      <trkpt lat="47.311773" lon="10.931077">
        <ele>1095.36885</ele>
      </trkpt>
      <trkpt lat="47.311423" lon="10.931116">
        <ele>1091.52805</ele>
      </trkpt>
      <trkpt lat="47.311208" lon="10.930855">
        <ele>1088.22629</ele>
      </trkpt>
      <trkpt lat="47.310892" lon="10.930715">
        <ele>1085.4038</ele>
      </trkpt>
      <trkpt lat="47.310422" lon="10.930312">
        <ele>1079.93373</ele>
      </trkpt>
      <trkpt lat="47.309876" lon="10.929783">
        <ele>1072.8707</ele>
      </trkpt>
      <trkpt lat="47.309703" lon="10.929664">
        <ele>1071.62254</ele>
      </trkpt>
      <trkpt lat="47.308642" lon="10.929284">
        <ele>1060.22213</ele>
      </trkpt>
      <trkpt lat="47.307797" lon="10.929139">
        <ele>1051.88111</ele>
      </trkpt>
      <trkpt lat="47.307121" lon="10.929192">
        <ele>1044.81187</ele>
      </trkpt>
      <trkpt lat="47.306717" lon="10.929004">
        <ele>1040.30458</ele>
      </trkpt>
      <trkpt lat="47.306119" lon="10.92894">
        <ele>1034.04883</ele>
      </trkpt>
      <trkpt lat="47.305623" lon="10.928707">
        <ele>1029.03453</ele>
      </trkpt>
      <trkpt lat="47.305162" lon="10.928572">
        <ele>1024.5408</ele>
      </trkpt>
      <trkpt lat="47.304747" lon="10.928472">
        <ele>1020.51119</ele>
      </trkpt>
      <trkpt lat="47.304277" lon="10.92825">
        <ele>1015.04403</ele>
      </trkpt>
      <trkpt lat="47.304055" lon="10.926423">
        <ele>1017.15425</ele>
      </trkpt>
      <trkpt lat="47.304127" lon="10.924486">
        <ele>1025.90918</ele>
      </trkpt>
      <trkpt lat="47.304279" lon="10.923673">
        <ele>1029.93415</ele>
      </trkpt>
      <trkpt lat="47.304206" lon="10.922738">
        <ele>1036.18937</ele>
      </trkpt>
      <trkpt lat="47.304245" lon="10.922228">
        <ele>1038.44612</ele>
      </trkpt>
      <trkpt lat="47.304915" lon="10.919951">
        <ele>1050.30279</ele>
      </trkpt>
      <trkpt lat="47.3051" lon="10.918993">
        <ele>1052.94032</ele>
      </trkpt>
      <trkpt lat="47.305351" lon="10.917575">
        <ele>1060.42477</ele>
      </trkpt>
      <trkpt lat="47.305652" lon="10.917001">
        <ele>1064.33925</ele>
      </trkpt>
      <trkpt lat="47.306133" lon="10.91569">
        <ele>1075.49173</ele>
      </trkpt>
      <trkpt lat="47.306354" lon="10.913868">
        <ele>1085.9467</ele>
      </trkpt>
      <trkpt lat="47.306703" lon="10.913107">
        <ele>1091.20152</ele>
        <name>Obsteig, Imst</name>
        <extensions>
          <oa:locType>calcWayPoint</oa:locType>
          <oa:Extension>
            <oa:mapZoom>12</oa:mapZoom>
          </oa:Extension>
        </extensions>
      </trkpt>
      <trkpt lat="47.307409" lon="10.91159">
        <ele>1100.09314</ele>
      </trkpt>
      <trkpt lat="47.308554" lon="10.909478">
        <ele>1111.07434</ele>
      </trkpt>
      <trkpt lat="47.309981" lon="10.907495">
        <ele>1122.8577</ele>
      </trkpt>
      <trkpt lat="47.310543" lon="10.905906">
        <ele>1126.611</ele>
      </trkpt>
      <trkpt lat="47.31129" lon="10.905515">
        <ele>1130.54039</ele>
      </trkpt>
      <trkpt lat="47.312081" lon="10.904789">
        <ele>1135.91481</ele>
      </trkpt>
      <trkpt lat="47.312006" lon="10.904227">
        <ele>1140.34141</ele>
      </trkpt>
      <trkpt lat="47.312213" lon="10.903295">
        <ele>1147.82442</ele>
      </trkpt>
      <trkpt lat="47.312468" lon="10.902871">
        <ele>1147.73171</ele>
      </trkpt>
      <trkpt lat="47.312597" lon="10.902905">
        <ele>1148.35608</ele>
      </trkpt>
      <trkpt lat="47.313294" lon="10.902505">
        <ele>1153.00262</ele>
      </trkpt>
      <trkpt lat="47.313695" lon="10.902514">
        <ele>1156.74514</ele>
      </trkpt>
      <trkpt lat="47.314343" lon="10.902763">
        <ele>1162.77229</ele>
      </trkpt>
      <trkpt lat="47.314912" lon="10.902545">
        <ele>1165.91399</ele>
      </trkpt>
      <trkpt lat="47.315487" lon="10.902022">
        <ele>1171.87645</ele>
      </trkpt>
      <trkpt lat="47.316101" lon="10.901094">
        <ele>1177.48739</ele>
      </trkpt>
      <trkpt lat="47.316536" lon="10.900616">
        <ele>1182.86548</ele>
      </trkpt>
      <trkpt lat="47.316799" lon="10.900499">
        <ele>1187.74008</ele>
      </trkpt>
      <trkpt lat="47.317246" lon="10.899915">
        <ele>1196.3962</ele>
      </trkpt>
      <trkpt lat="47.318115" lon="10.900004">
        <ele>1215.15398</ele>
      </trkpt>
      <trkpt lat="47.319443" lon="10.899516">
        <ele>1254.02011</ele>
      </trkpt>
      <trkpt lat="47.319923" lon="10.899616">
        <ele>1274.57208</ele>
      </trkpt>
      <trkpt lat="47.320805" lon="10.899093">
        <ele>1289.98405</ele>
      </trkpt>
      <trkpt lat="47.321205" lon="10.899114">
        <ele>1301.8102</ele>
      </trkpt>
      <trkpt lat="47.321564" lon="10.89923">
        <ele>1312.85288</ele>
      </trkpt>
      <trkpt lat="47.32169" lon="10.899561">
        <ele>1325.91188</ele>
      </trkpt>
      <trkpt lat="47.322014" lon="10.899739">
        <ele>1337.87304</ele>
      </trkpt>
      <trkpt lat="47.322155" lon="10.899676">
        <ele>1329.01875</ele>
      </trkpt>
      <trkpt lat="47.322533" lon="10.899918">
        <ele>1343.93728</ele>
      </trkpt>
      <trkpt lat="47.322819" lon="10.899887">
        <ele>1342.4535</ele>
      </trkpt>
      <trkpt lat="47.323025" lon="10.900139">
        <ele>1336.36138</ele>
      </trkpt>
      <trkpt lat="47.323692" lon="10.899995">
        <ele>1354.22536</ele>
      </trkpt>
      <trkpt lat="47.324448" lon="10.900518">
        <ele>1372.65389</ele>
      </trkpt>
      <trkpt lat="47.325092" lon="10.900134">
        <ele>1382.39262</ele>
      </trkpt>
      <trkpt lat="47.32542" lon="10.900148">
        <ele>1382.76122</ele>
      </trkpt>
      <trkpt lat="47.325844" lon="10.90036">
        <ele>1388.62801</ele>
      </trkpt>
      <trkpt lat="47.326488" lon="10.900276">
        <ele>1398.43788</ele>
      </trkpt>
      <trkpt lat="47.326786" lon="10.89971">
        <ele>1390.90102</ele>
      </trkpt>
      <trkpt lat="47.326893" lon="10.899733">
        <ele>1396.1914</ele>
      </trkpt>
      <trkpt lat="47.326977" lon="10.899555">
        <ele>1395.00268</ele>
      </trkpt>
      <trkpt lat="47.327198" lon="10.899571">
        <ele>1407.36779</ele>
      </trkpt>
      <trkpt lat="47.327412" lon="10.899075">
        <ele>1400.03564</ele>
      </trkpt>
      <trkpt lat="47.328175" lon="10.899051">
        <ele>1404.90237</ele>
      </trkpt>
      <trkpt lat="47.328743" lon="10.89953">
        <ele>1412.0204</ele>
      </trkpt>
      <trkpt lat="47.328911" lon="10.899545">
        <ele>1413.36294</ele>
      </trkpt>
      <trkpt lat="47.329716" lon="10.900608">
        <ele>1424.93118</ele>
      </trkpt>
      <trkpt lat="47.329815" lon="10.900491">
        <ele>1422.08011</ele>
      </trkpt>
      <trkpt lat="47.330086" lon="10.900864">
        <ele>1425.86136</ele>
      </trkpt>
      <trkpt lat="47.330231" lon="10.90079">
        <ele>1430.42051</ele>
      </trkpt>
      <trkpt lat="47.330429" lon="10.900945">
        <ele>1430.90189</ele>
      </trkpt>
      <trkpt lat="47.33091" lon="10.901029">
        <ele>1429.27523</ele>
      </trkpt>
      <trkpt lat="47.331589" lon="10.901442">
        <ele>1441.30354</ele>
      </trkpt>
      <trkpt lat="47.332024" lon="10.9011">
        <ele>1440.97882</ele>
      </trkpt>
      <trkpt lat="47.33313" lon="10.901166">
        <ele>1445.598</ele>
      </trkpt>
      <trkpt lat="47.333237" lon="10.901295">
        <ele>1455.7826</ele>
      </trkpt>
      <trkpt lat="47.333557" lon="10.901143">
        <ele>1451.68187</ele>
      </trkpt>
      <trkpt lat="47.334022" lon="10.901392">
        <ele>1462.62563</ele>
      </trkpt>
      <trkpt lat="47.334103" lon="10.901164">
        <ele>1465.11863</ele>
      </trkpt>
      <trkpt lat="47.334526" lon="10.900892">
        <ele>1456.83224</ele>
      </trkpt>
      <trkpt lat="47.335777" lon="10.900776">
        <ele>1478.36991</ele>
      </trkpt>
      <trkpt lat="47.337173" lon="10.900017">
        <ele>1497.75228</ele>
      </trkpt>
      <trkpt lat="47.338036" lon="10.89991">
        <ele>1513.81012</ele>
      </trkpt>
      <trkpt lat="47.338135" lon="10.900022">
        <ele>1518.5923</ele>
      </trkpt>
      <trkpt lat="47.338322" lon="10.899759">
        <ele>1529.76115</ele>
      </trkpt>
      <trkpt lat="47.339195" lon="10.900004">
        <ele>1551.9281</ele>
      </trkpt>
      <trkpt lat="47.340557" lon="10.899956">
        <ele>1589.98606</ele>
      </trkpt>
      <trkpt lat="47.341152" lon="10.899568">
        <ele>1602.62403</ele>
      </trkpt>
      <trkpt lat="47.341918" lon="10.899837">
        <ele>1618.13492</ele>
      </trkpt>
      <trkpt lat="47.342282" lon="10.899764">
        <ele>1623.71285</ele>
      </trkpt>
      <trkpt lat="47.342145" lon="10.899971">
        <ele>1624.77756</ele>
      </trkpt>
      <trkpt lat="47.342292" lon="10.900428">
        <ele>1630.53864</ele>
      </trkpt>
      <trkpt lat="47.342062" lon="10.900842">
        <ele>1635.74621</ele>
      </trkpt>
      <trkpt lat="47.341987" lon="10.901338">
        <ele>1640.01128</ele>
      </trkpt>
      <trkpt lat="47.342295" lon="10.901169">
        <ele>1644.37956</ele>
      </trkpt>
      <trkpt lat="47.343107" lon="10.901329">
        <ele>1657.67454</ele>
      </trkpt>
      <trkpt lat="47.343515" lon="10.901011">
        <ele>1664.65029</ele>
      </trkpt>
      <trkpt lat="47.345176" lon="10.900326">
        <ele>1692.34184</ele>
      </trkpt>
      <trkpt lat="47.345312" lon="10.899986">
        <ele>1696.31366</ele>
      </trkpt>
      <trkpt lat="47.345608" lon="10.899757">
        <ele>1701.58983</ele>
      </trkpt>
      <trkpt lat="47.345597" lon="10.90022">
        <ele>1708.32609</ele>
      </trkpt>
      <trkpt lat="47.345717" lon="10.900056">
        <ele>1710.86134</ele>
      </trkpt>
      <trkpt lat="47.346068" lon="10.900057">
        <ele>1717.14901</ele>
      </trkpt>
      <trkpt lat="47.346306" lon="10.899671">
        <ele>1722.92249</ele>
      </trkpt>
      <trkpt lat="47.346574" lon="10.899517">
        <ele>1729.00843</ele>
      </trkpt>
      <trkpt lat="47.346997" lon="10.899704">
        <ele>1736.71495</ele>
      </trkpt>
      <trkpt lat="47.347355" lon="10.899593">
        <ele>1743.63409</ele>
      </trkpt>
      <trkpt lat="47.347599" lon="10.899286">
        <ele>1749.15737</ele>
      </trkpt>
      <trkpt lat="47.347932" lon="10.899133">
        <ele>1760.98759</ele>
      </trkpt>
      <trkpt lat="47.348639" lon="10.898286">
        <ele>1789.37849</ele>
      </trkpt>
      <trkpt lat="47.348568" lon="10.897351">
        <ele>1789.86039</ele>
      </trkpt>
      <trkpt lat="47.349049" lon="10.897583">
        <ele>1785.21577</ele>
      </trkpt>
      <trkpt lat="47.349117" lon="10.897767">
        <ele>1779.90316</ele>
      </trkpt>
      <trkpt lat="47.349632" lon="10.897683">
        <ele>1758.77095</ele>
      </trkpt>
      <trkpt lat="47.349834" lon="10.897884">
        <ele>1764.5056</ele>
      </trkpt>
      <trkpt lat="47.349983" lon="10.898267">
        <ele>1759.54283</ele>
      </trkpt>
      <trkpt lat="47.350235" lon="10.898584">
        <ele>1751.68377</ele>
      </trkpt>
      <trkpt lat="47.350368" lon="10.898434">
        <ele>1745.20814</ele>
      </trkpt>
      <trkpt lat="47.350418" lon="10.8982">
        <ele>1737.74068</ele>
        <name>Obsteig, Biberwier</name>
        <extensions>
          <oa:locType>calcWayPoint</oa:locType>
          <oa:Extension>
            <oa:mapZoom>12</oa:mapZoom>
          </oa:Extension>
        </extensions>
      </trkpt>
      <trkpt lat="47.350349" lon="10.897917">
        <ele>1727.86846</ele>
      </trkpt>
      <trkpt lat="47.350448" lon="10.8977">
        <ele>1720.52452</ele>
      </trkpt>
      <trkpt lat="47.350433" lon="10.897451">
        <ele>1712.52298</ele>
      </trkpt>
      <trkpt lat="47.350552" lon="10.897217">
        <ele>1707.10121</ele>
      </trkpt>
      <trkpt lat="47.350582" lon="10.896834">
        <ele>1695.36611</ele>
      </trkpt>
      <trkpt lat="47.350765" lon="10.896116">
        <ele>1682.6217</ele>
      </trkpt>
      <trkpt lat="47.350834" lon="10.894617">
        <ele>1654.43769</ele>
      </trkpt>
      <trkpt lat="47.350948" lon="10.893717">
        <ele>1638.9657</ele>
      </trkpt>
      <trkpt lat="47.351116" lon="10.893151">
        <ele>1631.2885</ele>
      </trkpt>
      <trkpt lat="47.35115" lon="10.892783">
        <ele>1625.56823</ele>
      </trkpt>
      <trkpt lat="47.351533" lon="10.891527">
        <ele>1614.39289</ele>
      </trkpt>
      <trkpt lat="47.351553" lon="10.890705">
        <ele>1612.55397</ele>
      </trkpt>
      <trkpt lat="47.351199" lon="10.889467">
        <ele>1616.24254</ele>
      </trkpt>
      <trkpt lat="47.350653" lon="10.888857">
        <ele>1613.83666</ele>
      </trkpt>
      <trkpt lat="47.350563" lon="10.888066">
        <ele>1607.85113</ele>
      </trkpt>
      <trkpt lat="47.350585" lon="10.88745">
        <ele>1606.83289</ele>
      </trkpt>
      <trkpt lat="47.350792" lon="10.88702">
        <ele>1603.86577</ele>
      </trkpt>
      <trkpt lat="47.351372" lon="10.886185">
        <ele>1585.31309</ele>
      </trkpt>
      <trkpt lat="47.351261" lon="10.885958">
        <ele>1579.59568</ele>
      </trkpt>
      <trkpt lat="47.350841" lon="10.885705">
        <ele>1572.73794</ele>
      </trkpt>
      <trkpt lat="47.350715" lon="10.88552">
        <ele>1566.10353</ele>
      </trkpt>
      <trkpt lat="47.350773" lon="10.885419">
        <ele>1561.36045</ele>
      </trkpt>
      <trkpt lat="47.350372" lon="10.885184">
        <ele>1573.40199</ele>
      </trkpt>
      <trkpt lat="47.350683" lon="10.884991">
        <ele>1568.552</ele>
      </trkpt>
      <trkpt lat="47.350989" lon="10.884606">
        <ele>1556.46535</ele>
      </trkpt>
      <trkpt lat="47.351352" lon="10.884616">
        <ele>1548.20603</ele>
      </trkpt>
      <trkpt lat="47.351603" lon="10.884524">
        <ele>1539.55012</ele>
      </trkpt>
      <trkpt lat="47.352593" lon="10.883863">
        <ele>1499.63957</ele>
      </trkpt>
      <trkpt lat="47.352686" lon="10.883717">
        <ele>1492.19462</ele>
      </trkpt>
      <trkpt lat="47.353003" lon="10.883555">
        <ele>1481.45677</ele>
      </trkpt>
      <trkpt lat="47.353923" lon="10.882838">
        <ele>1445.3981</ele>
      </trkpt>
      <trkpt lat="47.354029" lon="10.882847">
        <ele>1444.98297</ele>
      </trkpt>
      <trkpt lat="47.354394" lon="10.882513">
        <ele>1431.59609</ele>
      </trkpt>
      <trkpt lat="47.354851" lon="10.882232">
        <ele>1412.70287</ele>
      </trkpt>
      <trkpt lat="47.355133" lon="10.882158">
        <ele>1403.30099</ele>
      </trkpt>
      <trkpt lat="47.355601" lon="10.881873">
        <ele>1387.3975</ele>
      </trkpt>
      <trkpt lat="47.357293" lon="10.881118">
        <ele>1345.76118</ele>
      </trkpt>
      <trkpt lat="47.358362" lon="10.880224">
        <ele>1321.16171</ele>
      </trkpt>
      <trkpt lat="47.358588" lon="10.879992">
        <ele>1314.75218</ele>
      </trkpt>
      <trkpt lat="47.358878" lon="10.879553">
        <ele>1304.05324</ele>
      </trkpt>
      <trkpt lat="47.358945" lon="10.879582">
        <ele>1303.36865</ele>
      </trkpt>
      <trkpt lat="47.359358" lon="10.879133">
        <ele>1290.53306</ele>
      </trkpt>
      <trkpt lat="47.359584" lon="10.878741">
        <ele>1281.18488</ele>
      </trkpt>
      <trkpt lat="47.359923" lon="10.878423">
        <ele>1271.40027</ele>
        <name>Biberwier, Reutte (Außerfern)</name>
        <extensions>
          <oa:locType>calcWayPoint</oa:locType>
          <oa:Extension>
            <oa:mapZoom>12</oa:mapZoom>
          </oa:Extension>
        </extensions>
      </trkpt>
      <trkpt lat="47.360124" lon="10.878373">
        <ele>1266.62979</ele>
      </trkpt>
      <trkpt lat="47.360102" lon="10.87917">
        <ele>1250.57362</ele>
      </trkpt>
      <trkpt lat="47.360443" lon="10.879695">
        <ele>1235.82129</ele>
      </trkpt>
      <trkpt lat="47.360801" lon="10.879907">
        <ele>1226.59784</ele>
      </trkpt>
      <trkpt lat="47.360822" lon="10.879824">
        <ele>1223.43917</ele>
      </trkpt>
      <trkpt lat="47.361916" lon="10.881822">
        <ele>1175.74482</ele>
      </trkpt>
      <trkpt lat="47.362148" lon="10.882469">
        <ele>1163.74106</ele>
      </trkpt>
      <trkpt lat="47.362413" lon="10.882828">
        <ele>1153.71366</ele>
      </trkpt>
      <trkpt lat="47.362455" lon="10.883063">
        <ele>1147.96581</ele>
      </trkpt>
      <trkpt lat="47.362591" lon="10.88304">
        <ele>1142.8489</ele>
      </trkpt>
      <trkpt lat="47.362864" lon="10.883323">
        <ele>1135.2308</ele>
      </trkpt>
      <trkpt lat="47.362994" lon="10.883257">
        <ele>1134.29981</ele>
      </trkpt>
      <trkpt lat="47.363081" lon="10.882855">
        <ele>1130.64543</ele>
      </trkpt>
      <trkpt lat="47.362967" lon="10.882185">
        <ele>1124.77229</ele>
      </trkpt>
      <trkpt lat="47.36311" lon="10.881573">
        <ele>1120.60883</ele>
      </trkpt>
      <trkpt lat="47.363401" lon="10.881492">
        <ele>1119.2904</ele>
      </trkpt>
      <trkpt lat="47.363589" lon="10.881124">
        <ele>1116.87227</ele>
      </trkpt>
      <trkpt lat="47.363942" lon="10.880875">
        <ele>1114.66951</ele>
      </trkpt>
      <trkpt lat="47.364188" lon="10.880447">
        <ele>1112.25592</ele>
      </trkpt>
      <trkpt lat="47.364795" lon="10.880445">
        <ele>1104.5003</ele>
      </trkpt>
      <trkpt lat="47.365233" lon="10.880064">
        <ele>1097.94118</ele>
      </trkpt>
      <trkpt lat="47.365729" lon="10.880661">
        <ele>1095.5285</ele>
      </trkpt>
      <trkpt lat="47.366923" lon="10.881483">
        <ele>1091.13718</ele>
      </trkpt>
      <trkpt lat="47.367348" lon="10.88198">
        <ele>1087.84523</ele>
      </trkpt>
      <trkpt lat="47.367924" lon="10.882346">
        <ele>1084.44222</ele>
      </trkpt>
      <trkpt lat="47.368752" lon="10.883007">
        <ele>1077.5683</ele>
      </trkpt>
      <trkpt lat="47.369254" lon="10.88336">
        <ele>1072.89259</ele>
      </trkpt>
      <trkpt lat="47.369769" lon="10.88352">
        <ele>1068.95519</ele>
      </trkpt>
      <trkpt lat="47.370071" lon="10.884287">
        <ele>1064.8344</ele>
      </trkpt>
      <trkpt lat="47.370518" lon="10.885573">
        <ele>1059.40586</ele>
      </trkpt>
      <trkpt lat="47.370724" lon="10.886712">
        <ele>1055.64186</ele>
      </trkpt>
      <trkpt lat="47.371205" lon="10.887815">
        <ele>1053.97287</ele>
      </trkpt>
      <trkpt lat="47.371154" lon="10.888777">
        <ele>1053.19929</ele>
      </trkpt>
      <trkpt lat="47.371344" lon="10.889756">
        <ele>1047.93696</ele>
      </trkpt>
      <trkpt lat="47.371462" lon="10.889899">
        <ele>1046.35187</ele>
      </trkpt>
      <trkpt lat="47.371547" lon="10.889943">
        <ele>1045.29788</ele>
      </trkpt>
      <trkpt lat="47.37185" lon="10.888931">
        <ele>1040.50567</ele>
      </trkpt>
      <trkpt lat="47.371913" lon="10.88823">
        <ele>1044.3968</ele>
      </trkpt>
      <trkpt lat="47.371826" lon="10.888214">
        <ele>1044.59931</ele>
      </trkpt>
      <trkpt lat="47.371906" lon="10.888305">
        <ele>1044.19561</ele>
      </trkpt>
      <trkpt lat="47.371826" lon="10.888968">
        <ele>1040.74235</ele>
      </trkpt>
      <trkpt lat="47.371656" lon="10.889593">
        <ele>1043.31448</ele>
      </trkpt>
      <trkpt lat="47.370904" lon="10.891502">
        <ele>1049.82646</ele>
      </trkpt>
      <trkpt lat="47.370716" lon="10.892252">
        <ele>1049.22476</ele>
      </trkpt>
      <trkpt lat="47.370866" lon="10.893649">
        <ele>1057.18783</ele>
      </trkpt>
      <trkpt lat="47.371043" lon="10.894446">
        <ele>1061.55739</ele>
      </trkpt>
      <trkpt lat="47.371348" lon="10.89538">
        <ele>1069.97811</ele>
      </trkpt>
      <trkpt lat="47.371732" lon="10.896119">
        <ele>1075.98241</ele>
      </trkpt>
      <trkpt lat="47.371719" lon="10.896652">
        <ele>1076.46389</ele>
      </trkpt>
      <trkpt lat="47.37184" lon="10.896938">
        <ele>1077.40287</ele>
      </trkpt>
      <trkpt lat="47.372175" lon="10.89737">
        <ele>1081.35077</ele>
      </trkpt>
      <trkpt lat="47.372742" lon="10.897356">
        <ele>1087.33177</ele>
      </trkpt>
      <trkpt lat="47.373168" lon="10.897834">
        <ele>1093.33118</ele>
      </trkpt>
      <trkpt lat="47.373309" lon="10.898208">
        <ele>1096.39058</ele>
      </trkpt>
      <trkpt lat="47.373389" lon="10.898989">
        <ele>1101.02445</ele>
      </trkpt>
      <trkpt lat="47.373735" lon="10.899723">
        <ele>1109.43159</ele>
      </trkpt>
      <trkpt lat="47.373918" lon="10.901025">
        <ele>1121.04343</ele>
      </trkpt>
      <trkpt lat="47.374131" lon="10.90145">
        <ele>1126.55438</ele>
      </trkpt>
      <trkpt lat="47.374177" lon="10.901892">
        <ele>1127.62847</ele>
      </trkpt>
      <trkpt lat="47.3745" lon="10.902419">
        <ele>1126.98384</ele>
      </trkpt>
      <trkpt lat="47.37526" lon="10.902424">
        <ele>1121.5845</ele>
      </trkpt>
      <trkpt lat="47.376101" lon="10.90194">
        <ele>1118.81654</ele>
      </trkpt>
      <trkpt lat="47.376577" lon="10.90244">
        <ele>1122.0342</ele>
      </trkpt>
      <trkpt lat="47.377139" lon="10.902481">
        <ele>1123.52113</ele>
      </trkpt>
      <trkpt lat="47.377623" lon="10.903341">
        <ele>1119.11872</ele>
      </trkpt>
      <trkpt lat="47.378392" lon="10.903881">
        <ele>1114.84912</ele>
      </trkpt>
      <trkpt lat="47.379329" lon="10.905262">
        <ele>1105.24663</ele>
      </trkpt>
      <trkpt lat="47.379913" lon="10.905684">
        <ele>1102.42476</ele>
      </trkpt>
      <trkpt lat="47.380513" lon="10.906236">
        <ele>1097.92603</ele>
      </trkpt>
      <trkpt lat="47.380977" lon="10.906497">
        <ele>1093.44635</ele>
      </trkpt>
      <trkpt lat="47.381175" lon="10.906877">
        <ele>1091.58447</ele>
      </trkpt>
      <trkpt lat="47.381473" lon="10.907137">
        <ele>1089.23702</ele>
      </trkpt>
      <trkpt lat="47.381752" lon="10.907949">
        <ele>1085.14373</ele>
      </trkpt>
      <trkpt lat="47.382602" lon="10.908905">
        <ele>1083.2548</ele>
      </trkpt>
      <trkpt lat="47.382795" lon="10.909555">
        <ele>1082.10294</ele>
      </trkpt>
      <trkpt lat="47.382798" lon="10.910256">
        <ele>1078.04268</ele>
      </trkpt>
      <trkpt lat="47.383255" lon="10.910251">
        <ele>1079.47304</ele>
      </trkpt>
      <trkpt lat="47.383438" lon="10.910422">
        <ele>1080.64491</ele>
      </trkpt>
      <trkpt lat="47.383505" lon="10.911342">
        <ele>1083.80386</ele>
      </trkpt>
      <trkpt lat="47.383749" lon="10.911628">
        <ele>1084.43858</ele>
      </trkpt>
      <trkpt lat="47.384313" lon="10.912889">
        <ele>1077.72357</ele>
      </trkpt>
      <trkpt lat="47.384381" lon="10.913857">
        <ele>1070.34703</ele>
      </trkpt>
      <trkpt lat="47.384718" lon="10.914338">
        <ele>1064.56858</ele>
      </trkpt>
      <trkpt lat="47.385774" lon="10.914796">
        <ele>1050.13594</ele>
      </trkpt>
      <trkpt lat="47.386226" lon="10.915329">
        <ele>1043.82449</ele>
      </trkpt>
      <trkpt lat="47.38724" lon="10.915292">
        <ele>1032.34831</ele>
      </trkpt>
      <trkpt lat="47.388186" lon="10.915476">
        <ele>1021.20879</ele>
      </trkpt>
      <trkpt lat="47.388712" lon="10.916123">
        <ele>1015.61671</ele>
      </trkpt>
      <trkpt lat="47.389142" lon="10.916531">
        <ele>1015.54551</ele>
      </trkpt>
      <trkpt lat="47.389598" lon="10.916908">
        <ele>1016.15741</ele>
      </trkpt>
      <trkpt lat="47.390464" lon="10.917101">
        <ele>1011.40813</ele>
      </trkpt>
      <trkpt lat="47.391745" lon="10.917904">
        <ele>1007.02094</ele>
      </trkpt>
      <trkpt lat="47.392211" lon="10.917872">
        <ele>1003.75536</ele>
      </trkpt>
      <trkpt lat="47.392812" lon="10.918709">
        <ele>1004.15574</ele>
      </trkpt>
      <trkpt lat="47.394307" lon="10.919973">
        <ele>1004.59811</ele>
        <name>Ehrwald, Reutte (Außerfern)</name>
        <extensions>
          <oa:locType>calcWayPoint</oa:locType>
          <oa:Extension>
            <oa:mapZoom>12</oa:mapZoom>
          </oa:Extension>
        </extensions>
      </trkpt>
      <trkpt lat="47.394338" lon="10.920084">
        <ele>1004.42406</ele>
      </trkpt>
      <trkpt lat="47.394072" lon="10.920971">
        <ele>996.40084</ele>
      </trkpt>
      <trkpt lat="47.394443" lon="10.921352">
        <ele>996.48048</ele>
      </trkpt>
      <trkpt lat="47.393813" lon="10.922182">
        <ele>1000.46481</ele>
      </trkpt>
      <trkpt lat="47.393753" lon="10.922831">
        <ele>1002.8522</ele>
      </trkpt>
      <trkpt lat="47.393626" lon="10.922967">
        <ele>1003.04799</ele>
      </trkpt>
      <trkpt lat="47.393462" lon="10.923469">
        <ele>1004.45719</ele>
      </trkpt>
      <trkpt lat="47.3929" lon="10.924113">
        <ele>1009.80485</ele>
      </trkpt>
      <trkpt lat="47.392235" lon="10.926125">
        <ele>1023.10546</ele>
      </trkpt>
      <trkpt lat="47.392152" lon="10.926619">
        <ele>1025.01421</ele>
      </trkpt>
      <trkpt lat="47.391824" lon="10.927408">
        <ele>1027.55414</ele>
      </trkpt>
      <trkpt lat="47.391805" lon="10.927799">
        <ele>1028.9685</ele>
      </trkpt>
      <trkpt lat="47.391356" lon="10.929426">
        <ele>1035.29329</ele>
      </trkpt>
      <trkpt lat="47.390869" lon="10.930231">
        <ele>1040.05184</ele>
      </trkpt>
      <trkpt lat="47.39026" lon="10.931593">
        <ele>1043.42156</ele>
      </trkpt>
      <trkpt lat="47.389927" lon="10.931875">
        <ele>1046.12092</ele>
      </trkpt>
      <trkpt lat="47.389199" lon="10.93327">
        <ele>1059.54035</ele>
      </trkpt>
      <trkpt lat="47.388571" lon="10.933984">
        <ele>1066.85203</ele>
      </trkpt>
      <trkpt lat="47.388287" lon="10.934689">
        <ele>1073.23043</ele>
      </trkpt>
      <trkpt lat="47.387728" lon="10.935321">
        <ele>1081.64362</ele>
      </trkpt>
      <trkpt lat="47.386829" lon="10.937374">
        <ele>1095.70624</ele>
      </trkpt>
      <trkpt lat="47.386924" lon="10.93755">
        <ele>1096.95097</ele>
      </trkpt>
      <trkpt lat="47.387206" lon="10.937563">
        <ele>1100.68298</ele>
      </trkpt>
      <trkpt lat="47.387104" lon="10.938354">
        <ele>1109.076</ele>
      </trkpt>
      <trkpt lat="47.387156" lon="10.938937">
        <ele>1113.79656</ele>
      </trkpt>
      <trkpt lat="47.38689" lon="10.939248">
        <ele>1116.59175</ele>
      </trkpt>
      <trkpt lat="47.386361" lon="10.940337">
        <ele>1125.98674</ele>
      </trkpt>
      <trkpt lat="47.385993" lon="10.940877">
        <ele>1129.8426</ele>
      </trkpt>
      <trkpt lat="47.385774" lon="10.941472">
        <ele>1131.14142</ele>
      </trkpt>
      <trkpt lat="47.385253" lon="10.941653">
        <ele>1144.40799</ele>
      </trkpt>
      <trkpt lat="47.385037" lon="10.942142">
        <ele>1149.64456</ele>
      </trkpt>
      <trkpt lat="47.384663" lon="10.942645">
        <ele>1153.62502</ele>
      </trkpt>
      <trkpt lat="47.38442" lon="10.943318">
        <ele>1154.24656</ele>
      </trkpt>
      <trkpt lat="47.384193" lon="10.944339">
        <ele>1154.65751</ele>
      </trkpt>
      <trkpt lat="47.383931" lon="10.944758">
        <ele>1157.64612</ele>
      </trkpt>
      <trkpt lat="47.382633" lon="10.946104">
        <ele>1167.66291</ele>
      </trkpt>
      <trkpt lat="47.382539" lon="10.947086">
        <ele>1179.36607</ele>
      </trkpt>
      <trkpt lat="47.381837" lon="10.947391">
        <ele>1177.26762</ele>
      </trkpt>
      <trkpt lat="47.381632" lon="10.948162">
        <ele>1174.44941</ele>
      </trkpt>
      <trkpt lat="47.381253" lon="10.947568">
        <ele>1182.58191</ele>
      </trkpt>
      <trkpt lat="47.381128" lon="10.947622">
        <ele>1186.98487</ele>
      </trkpt>
      <trkpt lat="47.381071" lon="10.948031">
        <ele>1197.30381</ele>
      </trkpt>
      <trkpt lat="47.38096" lon="10.947987">
        <ele>1201.53333</ele>
      </trkpt>
      <trkpt lat="47.380914" lon="10.948127">
        <ele>1205.25353</ele>
      </trkpt>
      <trkpt lat="47.381014" lon="10.948524">
        <ele>1203.34099</ele>
      </trkpt>
      <trkpt lat="47.380979" lon="10.949327">
        <ele>1209.27851</ele>
      </trkpt>
      <trkpt lat="47.381048" lon="10.950036">
        <ele>1216.79042</ele>
      </trkpt>
      <trkpt lat="47.381305" lon="10.950642">
        <ele>1222.0653</ele>
      </trkpt>
      <trkpt lat="47.38146" lon="10.9512">
        <ele>1227.43232</ele>
      </trkpt>
      <trkpt lat="47.381515" lon="10.951894">
        <ele>1234.22711</ele>
      </trkpt>
      <trkpt lat="47.381401" lon="10.952421">
        <ele>1245.88063</ele>
      </trkpt>
      <trkpt lat="47.381497" lon="10.952679">
        <ele>1242.67086</ele>
      </trkpt>
      <trkpt lat="47.381436" lon="10.952878">
        <ele>1251.86518</ele>
      </trkpt>
      <trkpt lat="47.381358" lon="10.953217">
        <ele>1262.99787</ele>
      </trkpt>
      <trkpt lat="47.381428" lon="10.953528">
        <ele>1264.90927</ele>
      </trkpt>
      <trkpt lat="47.381327" lon="10.953646">
        <ele>1269.29639</ele>
      </trkpt>
      <trkpt lat="47.38132" lon="10.95401">
        <ele>1274.17303</ele>
      </trkpt>
      <trkpt lat="47.381054" lon="10.954835">
        <ele>1290.59759</ele>
      </trkpt>
      <trkpt lat="47.381078" lon="10.955038">
        <ele>1289.3461</ele>
      </trkpt>
      <trkpt lat="47.38098" lon="10.955185">
        <ele>1289.5211</ele>
      </trkpt>
      <trkpt lat="47.380887" lon="10.954899">
        <ele>1296.67877</ele>
      </trkpt>
      <trkpt lat="47.380849" lon="10.954201">
        <ele>1303.49337</ele>
      </trkpt>
      <trkpt lat="47.380764" lon="10.954386">
        <ele>1307.9709</ele>
      </trkpt>
      <trkpt lat="47.380712" lon="10.953952">
        <ele>1314.24839</ele>
      </trkpt>
      <trkpt lat="47.380504" lon="10.953775">
        <ele>1323.85282</ele>
      </trkpt>
      <trkpt lat="47.3805" lon="10.953916">
        <ele>1329.2383</ele>
      </trkpt>
      <trkpt lat="47.380423" lon="10.953777">
        <ele>1329.58009</ele>
      </trkpt>
      <trkpt lat="47.380414" lon="10.954092">
        <ele>1340.5453</ele>
      </trkpt>
      <trkpt lat="47.380316" lon="10.954">
        <ele>1350.91116</ele>
      </trkpt>
      <trkpt lat="47.380206" lon="10.953997">
        <ele>1366.57996</ele>
      </trkpt>
      <trkpt lat="47.380237" lon="10.954227">
        <ele>1366.76839</ele>
      </trkpt>
      <trkpt lat="47.380141" lon="10.954211">
        <ele>1378.29677</ele>
      </trkpt>
      <trkpt lat="47.380093" lon="10.954414">
        <ele>1383.58757</ele>
      </trkpt>
      <trkpt lat="47.379977" lon="10.954393">
        <ele>1397.08605</ele>
      </trkpt>
      <trkpt lat="47.380037" lon="10.95469">
        <ele>1384.72935</ele>
      </trkpt>
      <trkpt lat="47.37994" lon="10.954675">
        <ele>1398.0713</ele>
      </trkpt>
      <trkpt lat="47.379947" lon="10.955024">
        <ele>1400.56539</ele>
      </trkpt>
      <trkpt lat="47.379793" lon="10.954981">
        <ele>1414.73288</ele>
      </trkpt>
      <trkpt lat="47.379867" lon="10.955363">
        <ele>1418.80616</ele>
      </trkpt>
      <trkpt lat="47.379799" lon="10.955507">
        <ele>1425.00464</ele>
      </trkpt>
      <trkpt lat="47.379675" lon="10.955327">
        <ele>1430.76184</ele>
      </trkpt>
      <trkpt lat="47.37954" lon="10.955697">
        <ele>1444.2331</ele>
      </trkpt>
      <trkpt lat="47.379407" lon="10.955654">
        <ele>1453.4716</ele>
      </trkpt>
      <trkpt lat="47.379378" lon="10.955536">
        <ele>1461.2044</ele>
      </trkpt>
      <trkpt lat="47.379134" lon="10.955676">
        <ele>1469.64784</ele>
      </trkpt>
      <trkpt lat="47.379215" lon="10.955486">
        <ele>1477.01191</ele>
      </trkpt>
      <trkpt lat="47.379146" lon="10.955296">
        <ele>1483.78612</ele>
      </trkpt>
      <trkpt lat="47.379051" lon="10.955218">
        <ele>1487.98148</ele>
      </trkpt>
      <trkpt lat="47.378975" lon="10.955368">
        <ele>1491.225</ele>
      </trkpt>
      <trkpt lat="47.378797" lon="10.955268">
        <ele>1501.40914</ele>
      </trkpt>
      <trkpt lat="47.37869" lon="10.955609">
        <ele>1514.12322</ele>
      </trkpt>
      <trkpt lat="47.378423" lon="10.95599">
        <ele>1527.71089</ele>
      </trkpt>
      <trkpt lat="47.378302" lon="10.956478">
        <ele>1530.52448</ele>
      </trkpt>
      <trkpt lat="47.377693" lon="10.956954">
        <ele>1536.69491</ele>
      </trkpt>
      <trkpt lat="47.377367" lon="10.956955">
        <ele>1539.54041</ele>
      </trkpt>
      <trkpt lat="47.377176" lon="10.957265">
        <ele>1539.85722</ele>
      </trkpt>
      <trkpt lat="47.376775" lon="10.957201">
        <ele>1541.69326</ele>
      </trkpt>
      <trkpt lat="47.376459" lon="10.957343">
        <ele>1542.90316</ele>
      </trkpt>
      <trkpt lat="47.376019" lon="10.957243">
        <ele>1545.11716</ele>
      </trkpt>
      <trkpt lat="47.376045" lon="10.9577">
        <ele>1544.67242</ele>
        <name>Ehrwald, Reutte (Außerfern)</name>
        <extensions>
          <oa:locType>calcWayPoint</oa:locType>
          <oa:Extension>
            <oa:mapZoom>12</oa:mapZoom>
          </oa:Extension>
        </extensions>
      </trkpt>
      <trkpt lat="47.376273" lon="10.958506">
        <ele>1544.50799</ele>
      </trkpt>
      <trkpt lat="47.376658" lon="10.959028">
        <ele>1545.52453</ele>
      </trkpt>
      <trkpt lat="47.376702" lon="10.959554">
        <ele>1546.07964</ele>
      </trkpt>
      <trkpt lat="47.376293" lon="10.961201">
        <ele>1549.95079</ele>
      </trkpt>
      <trkpt lat="47.376078" lon="10.962587">
        <ele>1552.74312</ele>
      </trkpt>
      <trkpt lat="47.3754" lon="10.963788">
        <ele>1563.79199</ele>
      </trkpt>
      <trkpt lat="47.37494" lon="10.96489">
        <ele>1574.39342</ele>
      </trkpt>
      <trkpt lat="47.374951" lon="10.965091">
        <ele>1575.84489</ele>
      </trkpt>
      <trkpt lat="47.375391" lon="10.965999">
        <ele>1576.14392</ele>
      </trkpt>
      <trkpt lat="47.375525" lon="10.966528">
        <ele>1577.21535</ele>
      </trkpt>
      <trkpt lat="47.375955" lon="10.967078">
        <ele>1579.03505</ele>
      </trkpt>
      <trkpt lat="47.377196" lon="10.96779">
        <ele>1580.66673</ele>
      </trkpt>
      <trkpt lat="47.37757" lon="10.96782">
        <ele>1580.32279</ele>
      </trkpt>
      <trkpt lat="47.378059" lon="10.967602">
        <ele>1580.93091</ele>
      </trkpt>
      <trkpt lat="47.378346" lon="10.967684">
        <ele>1581.48023</ele>
      </trkpt>
      <trkpt lat="47.378463" lon="10.967966">
        <ele>1583.48611</ele>
      </trkpt>
      <trkpt lat="47.378741" lon="10.969585">
        <ele>1592.38661</ele>
      </trkpt>
      <trkpt lat="47.378742" lon="10.970562">
        <ele>1597.1827</ele>
      </trkpt>
      <trkpt lat="47.378943" lon="10.972892">
        <ele>1603.52635</ele>
      </trkpt>
      <trkpt lat="47.378764" lon="10.974011">
        <ele>1604.83798</ele>
      </trkpt>
      <trkpt lat="47.378998" lon="10.974678">
        <ele>1606.93314</ele>
      </trkpt>
      <trkpt lat="47.378977" lon="10.975363">
        <ele>1609.72247</ele>
      </trkpt>
      <trkpt lat="47.37954" lon="10.976077">
        <ele>1613.18261</ele>
      </trkpt>
      <trkpt lat="47.379608" lon="10.976354">
        <ele>1612.19925</ele>
      </trkpt>
      <trkpt lat="47.379625" lon="10.976959">
        <ele>1613.98281</ele>
      </trkpt>
      <trkpt lat="47.379516" lon="10.977419">
        <ele>1622.50982</ele>
      </trkpt>
      <trkpt lat="47.379604" lon="10.978745">
        <ele>1641.00939</ele>
      </trkpt>
      <trkpt lat="47.379486" lon="10.979431">
        <ele>1643.30948</ele>
      </trkpt>
      <trkpt lat="47.379542" lon="10.979684">
        <ele>1644.51218</ele>
      </trkpt>
      <trkpt lat="47.379364" lon="10.980842">
        <ele>1643.76687</ele>
      </trkpt>
      <trkpt lat="47.379377" lon="10.98137">
        <ele>1642.08166</ele>
      </trkpt>
      <trkpt lat="47.379467" lon="10.981794">
        <ele>1636.47464</ele>
      </trkpt>
      <trkpt lat="47.379728" lon="10.982098">
        <ele>1628.34312</ele>
      </trkpt>
      <trkpt lat="47.379856" lon="10.982925">
        <ele>1615.20636</ele>
      </trkpt>
      <trkpt lat="47.379948" lon="10.983002">
        <ele>1614.97366</ele>
      </trkpt>
      <trkpt lat="47.380019" lon="10.984101">
        <ele>1617.17594</ele>
      </trkpt>
      <trkpt lat="47.379794" lon="10.984587">
        <ele>1619.19927</ele>
      </trkpt>
      <trkpt lat="47.379553" lon="10.984884">
        <ele>1624.5675</ele>
      </trkpt>
      <trkpt lat="47.37899" lon="10.986288">
        <ele>1627.67585</ele>
      </trkpt>
      <trkpt lat="47.378878" lon="10.986873">
        <ele>1629.85886</ele>
      </trkpt>
      <trkpt lat="47.37902" lon="10.98771">
        <ele>1636.42557</ele>
      </trkpt>
      <trkpt lat="47.378717" lon="10.988042">
        <ele>1633.15675</ele>
      </trkpt>
      <trkpt lat="47.378432" lon="10.988919">
        <ele>1628.11915</ele>
      </trkpt>
      <trkpt lat="47.377839" lon="10.990194">
        <ele>1609.08652</ele>
      </trkpt>
      <trkpt lat="47.377697" lon="10.992396">
        <ele>1586.76195</ele>
      </trkpt>
      <trkpt lat="47.377781" lon="10.993066">
        <ele>1579.40797</ele>
      </trkpt>
      <trkpt lat="47.377937" lon="10.993328">
        <ele>1576.25667</ele>
      </trkpt>
      <trkpt lat="47.377813" lon="10.994373">
        <ele>1565.26449</ele>
      </trkpt>
      <trkpt lat="47.377841" lon="10.995586">
        <ele>1552.86725</ele>
      </trkpt>
      <trkpt lat="47.377723" lon="10.996534">
        <ele>1544.05202</ele>
      </trkpt>
      <trkpt lat="47.377765" lon="10.997784">
        <ele>1532.73696</ele>
      </trkpt>
      <trkpt lat="47.377946" lon="10.998865">
        <ele>1524.06719</ele>
      </trkpt>
      <trkpt lat="47.377756" lon="10.999684">
        <ele>1522.87016</ele>
      </trkpt>
      <trkpt lat="47.377622" lon="10.999919">
        <ele>1522.29931</ele>
      </trkpt>
      <trkpt lat="47.377483" lon="11.000677">
        <ele>1517.56568</ele>
      </trkpt>
      <trkpt lat="47.377743" lon="11.001125">
        <ele>1514.9663</ele>
      </trkpt>
      <trkpt lat="47.377401" lon="11.001785">
        <ele>1512.89686</ele>
      </trkpt>
      <trkpt lat="47.377482" lon="11.002382">
        <ele>1510.49493</ele>
      </trkpt>
      <trkpt lat="47.377755" lon="11.002731">
        <ele>1508.94755</ele>
      </trkpt>
      <trkpt lat="47.377361" lon="11.003126">
        <ele>1506.95496</ele>
      </trkpt>
      <trkpt lat="47.377639" lon="11.003889">
        <ele>1500.59215</ele>
      </trkpt>
      <trkpt lat="47.37758" lon="11.005238">
        <ele>1490.29112</ele>
      </trkpt>
      <trkpt lat="47.377644" lon="11.005655">
        <ele>1486.72302</ele>
      </trkpt>
      <trkpt lat="47.377183" lon="11.006432">
        <ele>1479.60949</ele>
      </trkpt>
      <trkpt lat="47.376998" lon="11.006927">
        <ele>1476.24085</ele>
      </trkpt>
      <trkpt lat="47.376992" lon="11.007318">
        <ele>1473.3337</ele>
      </trkpt>
      <trkpt lat="47.376756" lon="11.00781">
        <ele>1469.43983</ele>
      </trkpt>
      <trkpt lat="47.376783" lon="11.007986">
        <ele>1468.1416</ele>
      </trkpt>
      <trkpt lat="47.377004" lon="11.007949">
        <ele>1465.55739</ele>
      </trkpt>
      <trkpt lat="47.37713" lon="11.008086">
        <ele>1464.95851</ele>
      </trkpt>
      <trkpt lat="47.376798" lon="11.008581">
        <ele>1460.26167</ele>
      </trkpt>
      <trkpt lat="47.376572" lon="11.009289">
        <ele>1452.76023</ele>
      </trkpt>
      <trkpt lat="47.376268" lon="11.01173">
        <ele>1437.15066</ele>
      </trkpt>
      <trkpt lat="47.376031" lon="11.012216">
        <ele>1434.97418</ele>
      </trkpt>
      <trkpt lat="47.375792" lon="11.012429">
        <ele>1432.71019</ele>
      </trkpt>
      <trkpt lat="47.375395" lon="11.013098">
        <ele>1423.51708</ele>
      </trkpt>
      <trkpt lat="47.375363" lon="11.014174">
        <ele>1412.92852</ele>
      </trkpt>
      <trkpt lat="47.375161" lon="11.01523">
        <ele>1401.94779</ele>
      </trkpt>
      <trkpt lat="47.374866" lon="11.015618">
        <ele>1398.1208</ele>
      </trkpt>
      <trkpt lat="47.374267" lon="11.016101">
        <ele>1391.64631</ele>
      </trkpt>
      <trkpt lat="47.3742" lon="11.017922">
        <ele>1387.46646</ele>
      </trkpt>
      <trkpt lat="47.373617" lon="11.018852">
        <ele>1385.6576</ele>
      </trkpt>
      <trkpt lat="47.373324" lon="11.020139">
        <ele>1387.32714</ele>
      </trkpt>
      <trkpt lat="47.372872" lon="11.021342">
        <ele>1383.32958</ele>
      </trkpt>
      <trkpt lat="47.372736" lon="11.022373">
        <ele>1378.62289</ele>
      </trkpt>
      <trkpt lat="47.372845" lon="11.023925">
        <ele>1375.56338</ele>
      </trkpt>
      <trkpt lat="47.372432" lon="11.026116">
        <ele>1371.58311</ele>
      </trkpt>
      <trkpt lat="47.372206" lon="11.027867">
        <ele>1368.92655</ele>
      </trkpt>
      <trkpt lat="47.372331" lon="11.029971">
        <ele>1365.69652</ele>
      </trkpt>
      <trkpt lat="47.371919" lon="11.030984">
        <ele>1363.87649</ele>
      </trkpt>
      <trkpt lat="47.371539" lon="11.033229">
        <ele>1360.826</ele>
      </trkpt>
      <trkpt lat="47.37084" lon="11.034876">
        <ele>1357.83784</ele>
      </trkpt>
      <trkpt lat="47.370535" lon="11.036844">
        <ele>1355.54043</ele>
      </trkpt>
      <trkpt lat="47.370495" lon="11.037202">
        <ele>1355.69934</ele>
      </trkpt>
      <trkpt lat="47.371004" lon="11.03653">
        <ele>1360.69912</ele>
      </trkpt>
      <trkpt lat="47.371138" lon="11.036525">
        <ele>1362.19544</ele>
      </trkpt>
      <trkpt lat="47.371694" lon="11.037421">
        <ele>1370.66782</ele>
      </trkpt>
      <trkpt lat="47.372014" lon="11.037589">
        <ele>1374.78834</ele>
      </trkpt>
      <trkpt lat="47.372161" lon="11.038236">
        <ele>1377.93062</ele>
      </trkpt>
      <trkpt lat="47.372138" lon="11.038971">
        <ele>1381.63118</ele>
      </trkpt>
      <trkpt lat="47.371695" lon="11.039735">
        <ele>1381.56768</ele>
      </trkpt>
      <trkpt lat="47.371671" lon="11.040073">
        <ele>1382.69588</ele>
      </trkpt>
      <trkpt lat="47.371482" lon="11.040032">
        <ele>1380.95268</ele>
      </trkpt>
      <trkpt lat="47.371596" lon="11.041085">
        <ele>1384.45759</ele>
      </trkpt>
      <trkpt lat="47.371139" lon="11.042099">
        <ele>1384.0826</ele>
      </trkpt>
      <trkpt lat="47.371035" lon="11.043003">
        <ele>1380.87636</ele>
      </trkpt>
      <trkpt lat="47.370917" lon="11.044071">
        <ele>1380.56075</ele>
      </trkpt>
      <trkpt lat="47.371256" lon="11.045238">
        <ele>1383.71191</ele>
      </trkpt>
      <trkpt lat="47.371263" lon="11.046093">
        <ele>1390.45108</ele>
      </trkpt>
      <trkpt lat="47.370646" lon="11.047099">
        <ele>1376.14349</ele>
      </trkpt>
      <trkpt lat="47.37019" lon="11.048572">
        <ele>1367.84608</ele>
      </trkpt>
      <trkpt lat="47.369875" lon="11.048826">
        <ele>1364.4844</ele>
      </trkpt>
      <trkpt lat="47.369645" lon="11.048812">
        <ele>1360.7016</ele>
      </trkpt>
      <trkpt lat="47.36976" lon="11.049445">
        <ele>1361.47291</ele>
      </trkpt>
      <trkpt lat="47.369655" lon="11.050049">
        <ele>1357.65534</ele>
      </trkpt>
      <trkpt lat="47.369428" lon="11.050456">
        <ele>1355.3362</ele>
      </trkpt>
      <trkpt lat="47.369279" lon="11.051249">
        <ele>1359.10533</ele>
      </trkpt>
      <trkpt lat="47.369164" lon="11.053243">
        <ele>1365.86937</ele>
      </trkpt>
      <trkpt lat="47.369223" lon="11.054244">
        <ele>1372.47186</ele>
      </trkpt>
      <trkpt lat="47.369311" lon="11.054658">
        <ele>1375.82774</ele>
      </trkpt>
      <trkpt lat="47.369584" lon="11.055029">
        <ele>1377.74712</ele>
      </trkpt>
      <trkpt lat="47.369403" lon="11.05531">
        <ele>1378.79397</ele>
      </trkpt>
      <trkpt lat="47.369313" lon="11.055922">
        <ele>1383.43756</ele>
      </trkpt>
      <trkpt lat="47.369112" lon="11.057458">
        <ele>1389.74499</ele>
      </trkpt>
      <trkpt lat="47.369112" lon="11.058239">
        <ele>1393.07312</ele>
      </trkpt>
      <trkpt lat="47.369335" lon="11.059622">
        <ele>1395.74481</ele>
      </trkpt>
      <trkpt lat="47.369555" lon="11.060454">
        <ele>1398.1122</ele>
      </trkpt>
      <trkpt lat="47.369539" lon="11.061622">
        <ele>1397.31318</ele>
      </trkpt>
      <trkpt lat="47.369357" lon="11.062142">
        <ele>1395.04466</ele>
      </trkpt>
      <trkpt lat="47.369234" lon="11.062921">
        <ele>1394.82938</ele>
      </trkpt>
      <trkpt lat="47.368887" lon="11.063227">
        <ele>1394.72206</ele>
      </trkpt>
      <trkpt lat="47.36871" lon="11.063936">
        <ele>1395.89532</ele>
      </trkpt>
      <trkpt lat="47.368797" lon="11.065269">
        <ele>1395.56671</ele>
      </trkpt>
      <trkpt lat="47.368722" lon="11.066352">
        <ele>1394.24904</ele>
      </trkpt>
      <trkpt lat="47.368819" lon="11.066898">
        <ele>1389.57864</ele>
      </trkpt>
      <trkpt lat="47.369596" lon="11.067007">
        <ele>1382.68787</ele>
      </trkpt>
      <trkpt lat="47.370146" lon="11.067441">
        <ele>1374.02091</ele>
      </trkpt>
      <trkpt lat="47.370191" lon="11.06765">
        <ele>1374.43807</ele>
      </trkpt>
      <trkpt lat="47.369583" lon="11.068121">
        <ele>1372.61005</ele>
      </trkpt>
      <trkpt lat="47.369369" lon="11.068671">
        <ele>1369.76543</ele>
      </trkpt>
      <trkpt lat="47.36907" lon="11.069123">
        <ele>1367.69343</ele>
      </trkpt>
      <trkpt lat="47.368708" lon="11.069357">
        <ele>1370.44095</ele>
      </trkpt>
      <trkpt lat="47.367652" lon="11.070656">
        <ele>1363.62007</ele>
      </trkpt>
      <trkpt lat="47.367391" lon="11.071173">
        <ele>1363.48525</ele>
      </trkpt>
      <trkpt lat="47.367003" lon="11.07142">
        <ele>1362.77103</ele>
      </trkpt>
      <trkpt lat="47.366641" lon="11.071991">
        <ele>1365.20311</ele>
      </trkpt>
      <trkpt lat="47.366371" lon="11.073163">
        <ele>1371.81902</ele>
      </trkpt>
      <trkpt lat="47.36624" lon="11.074189">
        <ele>1372.48643</ele>
      </trkpt>
      <trkpt lat="47.365942" lon="11.0756">
        <ele>1371.53711</ele>
      </trkpt>
      <trkpt lat="47.365972" lon="11.076726">
        <ele>1370.24571</ele>
      </trkpt>
      <trkpt lat="47.365874" lon="11.077484">
        <ele>1364.58016</ele>
      </trkpt>
      <trkpt lat="47.365953" lon="11.078047">
        <ele>1362.66024</ele>
        <name>Leutasch, Innsbruck-Land</name>
        <extensions>
          <oa:locType>calcWayPoint</oa:locType>
          <oa:Extension>
            <oa:mapZoom>12</oa:mapZoom>
          </oa:Extension>
        </extensions>
      </trkpt>
      <trkpt lat="47.366097" lon="11.079199">
        <ele>1360.26989</ele>
      </trkpt>
      <trkpt lat="47.366445" lon="11.079193">
        <ele>1363.93759</ele>
      </trkpt>
      <trkpt lat="47.368112" lon="11.080033">
        <ele>1378.85082</ele>
      </trkpt>
      <trkpt lat="47.368758" lon="11.081218">
        <ele>1387.53383</ele>
      </trkpt>
      <trkpt lat="47.369214" lon="11.081849">
        <ele>1393.53163</ele>
      </trkpt>
      <trkpt lat="47.369663" lon="11.082147">
        <ele>1398.26027</ele>
      </trkpt>
      <trkpt lat="47.370806" lon="11.08213">
        <ele>1410.62797</ele>
      </trkpt>
      <trkpt lat="47.371287" lon="11.082658">
        <ele>1413.21002</ele>
      </trkpt>
      <trkpt lat="47.371537" lon="11.082425">
        <ele>1416.53069</ele>
      </trkpt>
      <trkpt lat="47.372159" lon="11.082293">
        <ele>1423.85313</ele>
      </trkpt>
      <trkpt lat="47.372295" lon="11.082956">
        <ele>1425.8551</ele>
      </trkpt>
      <trkpt lat="47.372749" lon="11.083692">
        <ele>1430.88575</ele>
      </trkpt>
      <trkpt lat="47.373236" lon="11.083504">
        <ele>1437.04711</ele>
      </trkpt>
      <trkpt lat="47.373242" lon="11.0833">
        <ele>1438.31079</ele>
      </trkpt>
      <trkpt lat="47.373026" lon="11.08303">
        <ele>1440.94012</ele>
      </trkpt>
      <trkpt lat="47.373051" lon="11.082777">
        <ele>1442.05838</ele>
      </trkpt>
      <trkpt lat="47.373306" lon="11.082311">
        <ele>1445.81116</ele>
      </trkpt>
      <trkpt lat="47.373913" lon="11.081785">
        <ele>1455.04452</ele>
      </trkpt>
      <trkpt lat="47.374564" lon="11.082029">
        <ele>1456.44678</ele>
      </trkpt>
      <trkpt lat="47.37485" lon="11.081874">
        <ele>1451.65668</ele>
      </trkpt>
      <trkpt lat="47.375169" lon="11.082542">
        <ele>1449.62974</ele>
      </trkpt>
      <trkpt lat="47.375824" lon="11.082515">
        <ele>1452.03184</ele>
      </trkpt>
      <trkpt lat="47.376091" lon="11.082795">
        <ele>1454.00481</ele>
      </trkpt>
      <trkpt lat="47.37617" lon="11.083319">
        <ele>1459.00783</ele>
      </trkpt>
      <trkpt lat="47.376444" lon="11.083521">
        <ele>1464.01762</ele>
      </trkpt>
      <trkpt lat="47.376691" lon="11.084039">
        <ele>1469.79888</ele>
      </trkpt>
      <trkpt lat="47.3769" lon="11.084076">
        <ele>1473.83143</ele>
      </trkpt>
      <trkpt lat="47.377099" lon="11.083735">
        <ele>1479.00456</ele>
      </trkpt>
      <trkpt lat="47.377296" lon="11.083626">
        <ele>1483.0447</ele>
      </trkpt>
      <trkpt lat="47.37753" lon="11.083889">
        <ele>1486.88833</ele>
      </trkpt>
      <trkpt lat="47.377673" lon="11.084564">
        <ele>1494.4418</ele>
      </trkpt>
      <trkpt lat="47.377684" lon="11.085106">
        <ele>1498.05289</ele>
      </trkpt>
      <trkpt lat="47.37789" lon="11.085325">
        <ele>1502.86344</ele>
      </trkpt>
      <trkpt lat="47.378056" lon="11.085738">
        <ele>1506.41563</ele>
      </trkpt>
      <trkpt lat="47.37848" lon="11.086087">
        <ele>1511.36949</ele>
      </trkpt>
      <trkpt lat="47.378508" lon="11.086605">
        <ele>1516.96562</ele>
      </trkpt>
      <trkpt lat="47.378336" lon="11.086706">
        <ele>1515.76051</ele>
      </trkpt>
      <trkpt lat="47.378279" lon="11.087108">
        <ele>1516.52308</ele>
      </trkpt>
      <trkpt lat="47.378092" lon="11.087387">
        <ele>1525.13554</ele>
      </trkpt>
      <trkpt lat="47.37829" lon="11.087671">
        <ele>1536.53899</ele>
      </trkpt>
      <trkpt lat="47.379049" lon="11.087678">
        <ele>1550.85454</ele>
      </trkpt>
      <trkpt lat="47.379628" lon="11.087982">
        <ele>1557.14486</ele>
      </trkpt>
      <trkpt lat="47.379392" lon="11.088291">
        <ele>1571.26821</ele>
      </trkpt>
      <trkpt lat="47.379339" lon="11.088569">
        <ele>1576.7583</ele>
      </trkpt>
      <trkpt lat="47.378793" lon="11.089126">
        <ele>1585.53181</ele>
      </trkpt>
      <trkpt lat="47.378213" lon="11.08936">
        <ele>1591.12412</ele>
      </trkpt>
      <trkpt lat="47.377609" lon="11.089286">
        <ele>1591.39605</ele>
      </trkpt>
      <trkpt lat="47.377329" lon="11.089397">
        <ele>1592.68529</ele>
      </trkpt>
      <trkpt lat="47.376784" lon="11.090665">
        <ele>1595.6463</ele>
      </trkpt>
      <trkpt lat="47.376735" lon="11.091219">
        <ele>1593.22538</ele>
      </trkpt>
      <trkpt lat="47.377061" lon="11.091615">
        <ele>1590.05333</ele>
      </trkpt>
      <trkpt lat="47.376948" lon="11.091633">
        <ele>1587.23987</ele>
      </trkpt>
      <trkpt lat="47.377327" lon="11.092285">
        <ele>1589.17034</ele>
      </trkpt>
      <trkpt lat="47.377739" lon="11.092559">
        <ele>1590.28751</ele>
      </trkpt>
      <trkpt lat="47.377816" lon="11.093171">
        <ele>1591.35286</ele>
      </trkpt>
      <trkpt lat="47.378005" lon="11.093293">
        <ele>1592.30598</ele>
      </trkpt>
      <trkpt lat="47.378052" lon="11.09354">
        <ele>1591.35117</ele>
      </trkpt>
      <trkpt lat="47.377233" lon="11.093851">
        <ele>1589.84857</ele>
      </trkpt>
      <trkpt lat="47.376765" lon="11.094513">
        <ele>1586.52085</ele>
      </trkpt>
      <trkpt lat="47.37657" lon="11.094632">
        <ele>1580.29596</ele>
      </trkpt>
      <trkpt lat="47.376534" lon="11.094828">
        <ele>1583.85068</ele>
      </trkpt>
      <trkpt lat="47.375767" lon="11.095309">
        <ele>1586.74999</ele>
      </trkpt>
      <trkpt lat="47.375348" lon="11.09592">
        <ele>1594.81578</ele>
      </trkpt>
      <trkpt lat="47.376486" lon="11.096186">
        <ele>1625.35591</ele>
      </trkpt>
      <trkpt lat="47.377161" lon="11.096019">
        <ele>1643.04611</ele>
      </trkpt>
      <trkpt lat="47.377669" lon="11.096289">
        <ele>1663.72631</ele>
      </trkpt>
      <trkpt lat="47.378122" lon="11.097034">
        <ele>1675.8857</ele>
      </trkpt>
      <trkpt lat="47.378602" lon="11.097386">
        <ele>1670.13106</ele>
      </trkpt>
      <trkpt lat="47.37867" lon="11.097741">
        <ele>1672.31237</ele>
      </trkpt>
      <trkpt lat="47.378551" lon="11.098184">
        <ele>1673.2257</ele>
      </trkpt>
      <trkpt lat="47.37852" lon="11.098986">
        <ele>1677.88896</ele>
      </trkpt>
      <trkpt lat="47.378372" lon="11.099273">
        <ele>1681.9484</ele>
      </trkpt>
      <trkpt lat="47.378081" lon="11.099457">
        <ele>1684.04832</ele>
      </trkpt>
      <trkpt lat="47.377833" lon="11.100224">
        <ele>1687.21493</ele>
      </trkpt>
      <trkpt lat="47.377772" lon="11.101054">
        <ele>1687.5503</ele>
      </trkpt>
      <trkpt lat="47.378003" lon="11.10166">
        <ele>1688.59164</ele>
      </trkpt>
      <trkpt lat="47.37787" lon="11.101898">
        <ele>1687.99578</ele>
      </trkpt>
      <trkpt lat="47.37782" lon="11.102245">
        <ele>1694.97436</ele>
      </trkpt>
      <trkpt lat="47.378436" lon="11.103158">
        <ele>1703.57871</ele>
      </trkpt>
      <trkpt lat="47.378666" lon="11.10326">
        <ele>1706.31379</ele>
      </trkpt>
      <trkpt lat="47.378759" lon="11.103783">
        <ele>1709.05635</ele>
      </trkpt>
      <trkpt lat="47.37944" lon="11.104699">
        <ele>1721.19201</ele>
      </trkpt>
      <trkpt lat="47.379624" lon="11.105562">
        <ele>1718.45454</ele>
      </trkpt>
      <trkpt lat="47.380548" lon="11.107258">
        <ele>1709.52359</ele>
      </trkpt>
      <trkpt lat="47.380644" lon="11.107784">
        <ele>1719.25157</ele>
      </trkpt>
      <trkpt lat="47.380556" lon="11.107953">
        <ele>1719.30448</ele>
      </trkpt>
      <trkpt lat="47.380788" lon="11.10781">
        <ele>1723.91999</ele>
      </trkpt>
      <trkpt lat="47.381883" lon="11.107806">
        <ele>1723.3521</ele>
      </trkpt>
      <trkpt lat="47.38226" lon="11.108121">
        <ele>1727.13538</ele>
      </trkpt>
      <trkpt lat="47.382619" lon="11.108212">
        <ele>1739.55655</ele>
      </trkpt>
      <trkpt lat="47.38222" lon="11.10907">
        <ele>1748.80265</ele>
      </trkpt>
      <trkpt lat="47.38178" lon="11.109357">
        <ele>1755.3257</ele>
      </trkpt>
      <trkpt lat="47.381664" lon="11.109659">
        <ele>1758.97221</ele>
      </trkpt>
      <trkpt lat="47.382447" lon="11.109874">
        <ele>1780.40038</ele>
      </trkpt>
      <trkpt lat="47.383017" lon="11.10965">
        <ele>1788.67009</ele>
      </trkpt>
      <trkpt lat="47.383828" lon="11.108903">
        <ele>1803.80953</ele>
      </trkpt>
      <trkpt lat="47.385047" lon="11.108969">
        <ele>1831.44034</ele>
      </trkpt>
      <trkpt lat="47.385559" lon="11.109113">
        <ele>1848.33893</ele>
      </trkpt>
      <trkpt lat="47.385837" lon="11.108948">
        <ele>1856.5433</ele>
      </trkpt>
      <trkpt lat="47.386522" lon="11.108933">
        <ele>1868.60479</ele>
      </trkpt>
      <trkpt lat="47.386987" lon="11.108652">
        <ele>1869.06702</ele>
      </trkpt>
      <trkpt lat="47.387224" lon="11.108659">
        <ele>1871.0059</ele>
      </trkpt>
      <trkpt lat="47.38738" lon="11.108296">
        <ele>1876.29702</ele>
      </trkpt>
      <trkpt lat="47.387634" lon="11.10821">
        <ele>1885.14975</ele>
      </trkpt>
      <trkpt lat="47.388671" lon="11.108287">
        <ele>1916.82045</ele>
      </trkpt>
      <trkpt lat="47.389658" lon="11.10806">
        <ele>1941.00729</ele>
      </trkpt>
      <trkpt lat="47.390275" lon="11.108445">
        <ele>1952.46193</ele>
      </trkpt>
      <trkpt lat="47.390744" lon="11.108999">
        <ele>1960.02268</ele>
        <name>Garmisch-Partenkirchen, Leutasch</name>
        <extensions>
          <oa:locType>calcWayPoint</oa:locType>
          <oa:Extension>
            <oa:mapZoom>12</oa:mapZoom>
          </oa:Extension>
        </extensions>
      </trkpt>
      <trkpt lat="47.390773" lon="11.10952">
        <ele>1961.53781</ele>
      </trkpt>
      <trkpt lat="47.390198" lon="11.11017">
        <ele>1977.08483</ele>
      </trkpt>
      <trkpt lat="47.389183" lon="11.110995">
        <ele>1992.26193</ele>
      </trkpt>
      <trkpt lat="47.388904" lon="11.1114">
        <ele>1997.66833</ele>
      </trkpt>
      <trkpt lat="47.388791" lon="11.111651">
        <ele>2002.6103</ele>
      </trkpt>
      <trkpt lat="47.388813" lon="11.112146">
        <ele>2003.4208</ele>
      </trkpt>
      <trkpt lat="47.388672" lon="11.112431">
        <ele>2008.27091</ele>
      </trkpt>
      <trkpt lat="47.38879" lon="11.112902">
        <ele>2021.15352</ele>
      </trkpt>
      <trkpt lat="47.388714" lon="11.113152">
        <ele>2024.06803</ele>
      </trkpt>
      <trkpt lat="47.388346" lon="11.113314">
        <ele>2032.81308</ele>
      </trkpt>
      <trkpt lat="47.388615" lon="11.113667">
        <ele>2046.75829</ele>
      </trkpt>
      <trkpt lat="47.388312" lon="11.114034">
        <ele>2044.09447</ele>
      </trkpt>
      <trkpt lat="47.387977" lon="11.114942">
        <ele>2030.14858</ele>
      </trkpt>
      <trkpt lat="47.387798" lon="11.11617">
        <ele>2006.1958</ele>
      </trkpt>
      <trkpt lat="47.38807" lon="11.116744">
        <ele>1983.99084</ele>
      </trkpt>
      <trkpt lat="47.387968" lon="11.116897">
        <ele>1980.36952</ele>
      </trkpt>
      <trkpt lat="47.387988" lon="11.117078">
        <ele>1976.10294</ele>
      </trkpt>
      <trkpt lat="47.388297" lon="11.118271">
        <ele>1955.65655</ele>
      </trkpt>
      <trkpt lat="47.388217" lon="11.119005">
        <ele>1942.43345</ele>
      </trkpt>
      <trkpt lat="47.388342" lon="11.119614">
        <ele>1929.8822</ele>
      </trkpt>
      <trkpt lat="47.388337" lon="11.120193">
        <ele>1917.49037</ele>
      </trkpt>
      <trkpt lat="47.388592" lon="11.120907">
        <ele>1908.21552</ele>
      </trkpt>
      <trkpt lat="47.388729" lon="11.121635">
        <ele>1894.71152</ele>
      </trkpt>
      <trkpt lat="47.388978" lon="11.122096">
        <ele>1882.22217</ele>
      </trkpt>
      <trkpt lat="47.389215" lon="11.122714">
        <ele>1868.22283</ele>
      </trkpt>
      <trkpt lat="47.389935" lon="11.123833">
        <ele>1850.94593</ele>
      </trkpt>
      <trkpt lat="47.390276" lon="11.124153">
        <ele>1849.12781</ele>
      </trkpt>
      <trkpt lat="47.390382" lon="11.124713">
        <ele>1850.84092</ele>
      </trkpt>
      <trkpt lat="47.390686" lon="11.125032">
        <ele>1851.12895</ele>
      </trkpt>
      <trkpt lat="47.391713" lon="11.12663">
        <ele>1841.68557</ele>
      </trkpt>
      <trkpt lat="47.392079" lon="11.127589">
        <ele>1835.67608</ele>
      </trkpt>
      <trkpt lat="47.393036" lon="11.128871">
        <ele>1827.30274</ele>
      </trkpt>
      <trkpt lat="47.393263" lon="11.129528">
        <ele>1823.40214</ele>
      </trkpt>
      <trkpt lat="47.393343" lon="11.130333">
        <ele>1816.32216</ele>
      </trkpt>
      <trkpt lat="47.393962" lon="11.131782">
        <ele>1795.40289</ele>
      </trkpt>
      <trkpt lat="47.394162" lon="11.132665">
        <ele>1777.54529</ele>
      </trkpt>
      <trkpt lat="47.394121" lon="11.132992">
        <ele>1769.36309</ele>
      </trkpt>
      <trkpt lat="47.393989" lon="11.133143">
        <ele>1765.30047</ele>
      </trkpt>
      <trkpt lat="47.39414" lon="11.133243">
        <ele>1763.44589</ele>
      </trkpt>
      <trkpt lat="47.394674" lon="11.134423">
        <ele>1737.69537</ele>
      </trkpt>
      <trkpt lat="47.395028" lon="11.135409">
        <ele>1721.50193</ele>
      </trkpt>
      <trkpt lat="47.395013" lon="11.13576">
        <ele>1714.34133</ele>
      </trkpt>
      <trkpt lat="47.395695" lon="11.136575">
        <ele>1702.27959</ele>
      </trkpt>
      <trkpt lat="47.395718" lon="11.137159">
        <ele>1700.87681</ele>
      </trkpt>
      <trkpt lat="47.395827" lon="11.137478">
        <ele>1702.78995</ele>
      </trkpt>
      <trkpt lat="47.395753" lon="11.137768">
        <ele>1705.64045</ele>
      </trkpt>
      <trkpt lat="47.395773" lon="11.138696">
        <ele>1710.45106</ele>
      </trkpt>
      <trkpt lat="47.395675" lon="11.138984">
        <ele>1710.11798</ele>
      </trkpt>
      <trkpt lat="47.395748" lon="11.139331">
        <ele>1707.3644</ele>
      </trkpt>
      <trkpt lat="47.395609" lon="11.140707">
        <ele>1689.49143</ele>
      </trkpt>
      <trkpt lat="47.395684" lon="11.141688">
        <ele>1676.56156</ele>
      </trkpt>
      <trkpt lat="47.395639" lon="11.142338">
        <ele>1669.33652</ele>
      </trkpt>
      <trkpt lat="47.395061" lon="11.146203">
        <ele>1621.38013</ele>
      </trkpt>
      <trkpt lat="47.395067" lon="11.147466">
        <ele>1606.73096</ele>
      </trkpt>
      <trkpt lat="47.394906" lon="11.148601">
        <ele>1589.97267</ele>
      </trkpt>
      <trkpt lat="47.395138" lon="11.149824">
        <ele>1579.73519</ele>
      </trkpt>
      <trkpt lat="47.395063" lon="11.15019">
        <ele>1575.72394</ele>
      </trkpt>
      <trkpt lat="47.395184" lon="11.150528">
        <ele>1572.86935</ele>
      </trkpt>
      <trkpt lat="47.395157" lon="11.151277">
        <ele>1567.35529</ele>
      </trkpt>
      <trkpt lat="47.39504" lon="11.151617">
        <ele>1559.55411</ele>
      </trkpt>
      <trkpt lat="47.394928" lon="11.152056">
        <ele>1549.32631</ele>
      </trkpt>
      <trkpt lat="47.394734" lon="11.152492">
        <ele>1541.35255</ele>
      </trkpt>
      <trkpt lat="47.394322" lon="11.153751">
        <ele>1517.72296</ele>
      </trkpt>
      <trkpt lat="47.394374" lon="11.153851">
        <ele>1515.74162</ele>
      </trkpt>
      <trkpt lat="47.394428" lon="11.15434">
        <ele>1500.89449</ele>
      </trkpt>
      <trkpt lat="47.394495" lon="11.154704">
        <ele>1484.6477</ele>
      </trkpt>
      <trkpt lat="47.394362" lon="11.154736">
        <ele>1480.91609</ele>
      </trkpt>
      <trkpt lat="47.394058" lon="11.154673">
        <ele>1464.0381</ele>
      </trkpt>
      <trkpt lat="47.393788" lon="11.154627">
        <ele>1451.4302</ele>
      </trkpt>
      <trkpt lat="47.393621" lon="11.154811">
        <ele>1438.0368</ele>
      </trkpt>
      <trkpt lat="47.393465" lon="11.155042">
        <ele>1423.05983</ele>
      </trkpt>
      <trkpt lat="47.393413" lon="11.155257">
        <ele>1411.63868</ele>
      </trkpt>
      <trkpt lat="47.393236" lon="11.155349">
        <ele>1403.56287</ele>
      </trkpt>
      <trkpt lat="47.393455" lon="11.155994">
        <ele>1388.95772</ele>
      </trkpt>
      <trkpt lat="47.393444" lon="11.156394">
        <ele>1377.56331</ele>
      </trkpt>
      <trkpt lat="47.393642" lon="11.156839">
        <ele>1363.97842</ele>
      </trkpt>
      <trkpt lat="47.393871" lon="11.156931">
        <ele>1362.49585</ele>
      </trkpt>
      <trkpt lat="47.393819" lon="11.157899">
        <ele>1339.28115</ele>
      </trkpt>
      <trkpt lat="47.393663" lon="11.158145">
        <ele>1323.41089</ele>
      </trkpt>
      <trkpt lat="47.393475" lon="11.157807">
        <ele>1317.53229</ele>
      </trkpt>
      <trkpt lat="47.393112" lon="11.158022">
        <ele>1300.68078</ele>
      </trkpt>
      <trkpt lat="47.392219" lon="11.157807">
        <ele>1277.02773</ele>
      </trkpt>
      <trkpt lat="47.392352" lon="11.158099">
        <ele>1271.42687</ele>
      </trkpt>
      <trkpt lat="47.392271" lon="11.158394">
        <ele>1263.5292</ele>
      </trkpt>
      <trkpt lat="47.392088" lon="11.158329">
        <ele>1258.13632</ele>
      </trkpt>
      <trkpt lat="47.392159" lon="11.15863">
        <ele>1255.68766</ele>
      </trkpt>
      <trkpt lat="47.392009" lon="11.158922">
        <ele>1245.49208</ele>
      </trkpt>
      <trkpt lat="47.392061" lon="11.159205">
        <ele>1241.07681</ele>
      </trkpt>
      <trkpt lat="47.392269" lon="11.159281">
        <ele>1239.23878</ele>
      </trkpt>
      <trkpt lat="47.392248" lon="11.159758">
        <ele>1226.35367</ele>
      </trkpt>
      <trkpt lat="47.392072" lon="11.160126">
        <ele>1214.67976</ele>
      </trkpt>
      <trkpt lat="47.392046" lon="11.16089">
        <ele>1195.62074</ele>
      </trkpt>
      <trkpt lat="47.391581" lon="11.160893">
        <ele>1185.94857</ele>
      </trkpt>
      <trkpt lat="47.39154" lon="11.161375">
        <ele>1181.2904</ele>
      </trkpt>
      <trkpt lat="47.391275" lon="11.162166">
        <ele>1170.0693</ele>
      </trkpt>
      <trkpt lat="47.391239" lon="11.16277">
        <ele>1164.31953</ele>
      </trkpt>
      <trkpt lat="47.390781" lon="11.164082">
        <ele>1150.29079</ele>
        <name>Leutasch, Innsbruck-Land</name>
        <extensions>
          <oa:locType>calcWayPoint</oa:locType>
          <oa:Extension>
            <oa:mapZoom>12</oa:mapZoom>
          </oa:Extension>
        </extensions>
      </trkpt>
      <trkpt lat="47.390796" lon="11.16432">
        <ele>1148.93923</ele>
      </trkpt>
      <trkpt lat="47.39145" lon="11.165492">
        <ele>1141.90285</ele>
      </trkpt>
      <trkpt lat="47.391947" lon="11.166029">
        <ele>1139.83973</ele>
      </trkpt>
      <trkpt lat="47.392308" lon="11.166095">
        <ele>1139.23245</ele>
      </trkpt>
      <trkpt lat="47.392865" lon="11.166426">
        <ele>1134.93622</ele>
      </trkpt>
      <trkpt lat="47.393062" lon="11.166655">
        <ele>1131.92186</ele>
      </trkpt>
      <trkpt lat="47.393452" lon="11.167753">
        <ele>1124.58902</ele>
      </trkpt>
      <trkpt lat="47.394009" lon="11.168727">
        <ele>1122.50586</ele>
      </trkpt>
      <trkpt lat="47.394407" lon="11.168967">
        <ele>1120.19319</ele>
      </trkpt>
      <trkpt lat="47.394811" lon="11.169435">
        <ele>1118.20833</ele>
      </trkpt>
      <trkpt lat="47.39496" lon="11.169707">
        <ele>1117.45214</ele>
      </trkpt>
      <trkpt lat="47.39505" lon="11.170334">
        <ele>1119.15284</ele>
      </trkpt>
      <trkpt lat="47.39538" lon="11.170879">
        <ele>1119.65606</ele>
      </trkpt>
      <trkpt lat="47.395888" lon="11.171418">
        <ele>1125.32844</ele>
      </trkpt>
      <trkpt lat="47.39652" lon="11.171762">
        <ele>1134.95138</ele>
      </trkpt>
      <trkpt lat="47.396782" lon="11.172123">
        <ele>1133.48348</ele>
      </trkpt>
      <trkpt lat="47.397312" lon="11.172573">
        <ele>1131.45249</ele>
      </trkpt>
      <trkpt lat="47.397542" lon="11.173008">
        <ele>1130.25455</ele>
      </trkpt>
      <trkpt lat="47.398097" lon="11.173433">
        <ele>1135.82836</ele>
      </trkpt>
      <trkpt lat="47.398306" lon="11.174268">
        <ele>1133.57239</ele>
      </trkpt>
      <trkpt lat="47.398601" lon="11.174565">
        <ele>1131.42572</ele>
      </trkpt>
      <trkpt lat="47.398665" lon="11.174906">
        <ele>1126.23666</ele>
      </trkpt>
      <trkpt lat="47.398805" lon="11.174989">
        <ele>1123.84122</ele>
      </trkpt>
      <trkpt lat="47.399574" lon="11.175967">
        <ele>1113.39421</ele>
      </trkpt>
      <trkpt lat="47.399959" lon="11.176371">
        <ele>1112.75554</ele>
      </trkpt>
      <trkpt lat="47.400301" lon="11.176818">
        <ele>1111.44993</ele>
      </trkpt>
      <trkpt lat="47.40075" lon="11.177586">
        <ele>1106.67133</ele>
      </trkpt>
      <trkpt lat="47.401276" lon="11.178665">
        <ele>1106.31996</ele>
      </trkpt>
      <trkpt lat="47.401948" lon="11.179347">
        <ele>1104.61402</ele>
      </trkpt>
      <trkpt lat="47.402344" lon="11.179298">
        <ele>1098.54312</ele>
      </trkpt>
      <trkpt lat="47.402322" lon="11.17944">
        <ele>1097.61775</ele>
      </trkpt>
      <trkpt lat="47.401998" lon="11.17975">
        <ele>1091.85388</ele>
      </trkpt>
      <trkpt lat="47.401724" lon="11.180788">
        <ele>1079.62071</ele>
      </trkpt>
      <trkpt lat="47.401802" lon="11.181422">
        <ele>1080.153</ele>
      </trkpt>
      <trkpt lat="47.402047" lon="11.182112">
        <ele>1082.98187</ele>
      </trkpt>
      <trkpt lat="47.401549" lon="11.18201">
        <ele>1078.91708</ele>
      </trkpt>
      <trkpt lat="47.401034" lon="11.181574">
        <ele>1075.9202</ele>
      </trkpt>
      <trkpt lat="47.400671" lon="11.180916">
        <ele>1073.60976</ele>
      </trkpt>
      <trkpt lat="47.400379" lon="11.180779">
        <ele>1071.84251</ele>
      </trkpt>
      <trkpt lat="47.400213" lon="11.181248">
        <ele>1069.62332</ele>
      </trkpt>
      <trkpt lat="47.400417" lon="11.181561">
        <ele>1068.76509</ele>
      </trkpt>
      <trkpt lat="47.400579" lon="11.182147">
        <ele>1068.02559</ele>
      </trkpt>
      <trkpt lat="47.400509" lon="11.182777">
        <ele>1067.82385</ele>
      </trkpt>
      <trkpt lat="47.400176" lon="11.183108">
        <ele>1067.43578</ele>
      </trkpt>
      <trkpt lat="47.399433" lon="11.183397">
        <ele>1066.71644</ele>
      </trkpt>
      <trkpt lat="47.399237" lon="11.183745">
        <ele>1066.49618</ele>
      </trkpt>
      <trkpt lat="47.399179" lon="11.184773">
        <ele>1065.99241</ele>
      </trkpt>
      <trkpt lat="47.399101" lon="11.185672">
        <ele>1065.4123</ele>
      </trkpt>
      <trkpt lat="47.398914" lon="11.186225">
        <ele>1066.26624</ele>
      </trkpt>
      <trkpt lat="47.399184" lon="11.187575">
        <ele>1064.57177</ele>
      </trkpt>
      <trkpt lat="47.39946" lon="11.188224">
        <ele>1063.77472</ele>
      </trkpt>
      <trkpt lat="47.399701" lon="11.189371">
        <ele>1062.81557</ele>
      </trkpt>
      <trkpt lat="47.399947" lon="11.190158">
        <ele>1062.49648</ele>
      </trkpt>
      <trkpt lat="47.401351" lon="11.190999">
        <ele>1061.00168</ele>
      </trkpt>
      <trkpt lat="47.401924" lon="11.191886">
        <ele>1061.54014</ele>
      </trkpt>
      <trkpt lat="47.402473" lon="11.1925">
        <ele>1059.606</ele>
      </trkpt>
      <trkpt lat="47.402782" lon="11.193023">
        <ele>1058.47134</ele>
      </trkpt>
      <trkpt lat="47.402883" lon="11.19361">
        <ele>1058.37377</ele>
      </trkpt>
      <trkpt lat="47.403095" lon="11.193989">
        <ele>1057.67859</ele>
      </trkpt>
      <trkpt lat="47.403407" lon="11.19493">
        <ele>1056.97517</ele>
      </trkpt>
      <trkpt lat="47.403469" lon="11.195407">
        <ele>1058.667</ele>
      </trkpt>
      <trkpt lat="47.404125" lon="11.196613">
        <ele>1056.80333</ele>
      </trkpt>
      <trkpt lat="47.404607" lon="11.198101">
        <ele>1056.32368</ele>
      </trkpt>
      <trkpt lat="47.405009" lon="11.198791">
        <ele>1053.91769</ele>
      </trkpt>
      <trkpt lat="47.405486" lon="11.200459">
        <ele>1055.88245</ele>
      </trkpt>
      <trkpt lat="47.406104" lon="11.201">
        <ele>1054.45877</ele>
      </trkpt>
      <trkpt lat="47.406557" lon="11.201147">
        <ele>1054.62825</ele>
      </trkpt>
      <trkpt lat="47.407352" lon="11.201762">
        <ele>1051.87578</ele>
      </trkpt>
      <trkpt lat="47.407445" lon="11.202023">
        <ele>1051.49356</ele>
      </trkpt>
      <trkpt lat="47.407444" lon="11.202431">
        <ele>1051.35941</ele>
      </trkpt>
      <trkpt lat="47.408171" lon="11.204498">
        <ele>1048.40677</ele>
      </trkpt>
      <trkpt lat="47.408257" lon="11.205039">
        <ele>1048.0146</ele>
      </trkpt>
      <trkpt lat="47.407979" lon="11.205557">
        <ele>1049.25376</ele>
      </trkpt>
      <trkpt lat="47.407939" lon="11.205842">
        <ele>1049.59424</ele>
      </trkpt>
      <trkpt lat="47.408116" lon="11.206799">
        <ele>1048.71795</ele>
      </trkpt>
      <trkpt lat="47.407424" lon="11.207793">
        <ele>1049.19007</ele>
      </trkpt>
      <trkpt lat="47.406921" lon="11.207892">
        <ele>1049.14869</ele>
      </trkpt>
      <trkpt lat="47.406815" lon="11.208058">
        <ele>1048.47633</ele>
      </trkpt>
      <trkpt lat="47.406844" lon="11.208436">
        <ele>1049.09216</ele>
      </trkpt>
      <trkpt lat="47.406946" lon="11.208738">
        <ele>1049.34002</ele>
      </trkpt>
      <trkpt lat="47.40811" lon="11.209442">
        <ele>1049.10064</ele>
      </trkpt>
      <trkpt lat="47.408261" lon="11.209647">
        <ele>1047.82923</ele>
      </trkpt>
      <trkpt lat="47.408533" lon="11.210431">
        <ele>1048.03326</ele>
      </trkpt>
      <trkpt lat="47.408579" lon="11.211176">
        <ele>1047.19276</ele>
      </trkpt>
      <trkpt lat="47.408682" lon="11.211601">
        <ele>1046.36172</ele>
      </trkpt>
      <trkpt lat="47.408675" lon="11.212436">
        <ele>1045.20586</ele>
      </trkpt>
      <trkpt lat="47.408942" lon="11.213368">
        <ele>1043.95715</ele>
      </trkpt>
      <trkpt lat="47.409312" lon="11.213801">
        <ele>1043.24873</ele>
      </trkpt>
      <trkpt lat="47.410026" lon="11.214388">
        <ele>1043.72768</ele>
      </trkpt>
      <trkpt lat="47.410259" lon="11.215066">
        <ele>1042.10387</ele>
      </trkpt>
      <trkpt lat="47.410635" lon="11.215997">
        <ele>1041.16847</ele>
      </trkpt>
      <trkpt lat="47.411078" lon="11.216869">
        <ele>1040.07823</ele>
      </trkpt>
      <trkpt lat="47.411502" lon="11.218262">
        <ele>1039.15724</ele>
      </trkpt>
      <trkpt lat="47.411695" lon="11.218655">
        <ele>1039.03734</ele>
      </trkpt>
      <trkpt lat="47.411832" lon="11.219146">
        <ele>1038.86169</ele>
      </trkpt>
      <trkpt lat="47.412005" lon="11.220372">
        <ele>1042.31165</ele>
      </trkpt>
      <trkpt lat="47.412325" lon="11.220753">
        <ele>1038.99484</ele>
      </trkpt>
      <trkpt lat="47.412927" lon="11.221721">
        <ele>1036.6409</ele>
      </trkpt>
      <trkpt lat="47.413368" lon="11.222083">
        <ele>1035.98944</ele>
      </trkpt>
      <trkpt lat="47.41377" lon="11.22265">
        <ele>1035.35368</ele>
      </trkpt>
      <trkpt lat="47.41443" lon="11.224459">
        <ele>1034.39422</ele>
      </trkpt>
      <trkpt lat="47.415211" lon="11.225347">
        <ele>1033.65346</ele>
      </trkpt>
      <trkpt lat="47.416299" lon="11.225047">
        <ele>1033.1965</ele>
      </trkpt>
      <trkpt lat="47.416794" lon="11.225272">
        <ele>1032.57497</ele>
      </trkpt>
      <trkpt lat="47.417045" lon="11.225403">
        <ele>1032.79943</ele>
      </trkpt>
      <trkpt lat="47.417809" lon="11.226331">
        <ele>1031.0692</ele>
      </trkpt>
      <trkpt lat="47.417997" lon="11.226365">
        <ele>1030.55771</ele>
      </trkpt>
      <trkpt lat="47.41843" lon="11.22698">
        <ele>1030.38597</ele>
      </trkpt>
      <trkpt lat="47.418569" lon="11.227041">
        <ele>1030.36441</ele>
      </trkpt>
      <trkpt lat="47.418722" lon="11.227011">
        <ele>1030.24202</ele>
      </trkpt>
      <trkpt lat="47.419909" lon="11.226138">
        <ele>1027.96695</ele>
      </trkpt>
      <trkpt lat="47.420118" lon="11.226304">
        <ele>1027.85416</ele>
      </trkpt>
      <trkpt lat="47.420302" lon="11.227249">
        <ele>1027.44866</ele>
      </trkpt>
      <trkpt lat="47.420535" lon="11.227622">
        <ele>1027.56272</ele>
      </trkpt>
      <trkpt lat="47.421486" lon="11.228072">
        <ele>1027.37065</ele>
      </trkpt>
      <trkpt lat="47.421616" lon="11.228176">
        <ele>1027.28643</ele>
      </trkpt>
      <trkpt lat="47.422127" lon="11.228681">
        <ele>1026.71499</ele>
      </trkpt>
      <trkpt lat="47.422772" lon="11.229292">
        <ele>1025.82233</ele>
      </trkpt>
      <trkpt lat="47.424318" lon="11.230636">
        <ele>1024.75541</ele>
      </trkpt>
      <trkpt lat="47.424992" lon="11.231467">
        <ele>1024.14425</ele>
      </trkpt>
      <trkpt lat="47.425889" lon="11.232758">
        <ele>1023.40343</ele>
      </trkpt>
      <trkpt lat="47.426528" lon="11.233459">
        <ele>1023.36856</ele>
      </trkpt>
      <trkpt lat="47.42712" lon="11.234115">
        <ele>1023.39201</ele>
      </trkpt>
      <trkpt lat="47.427632" lon="11.234709">
        <ele>1022.96894</ele>
        <name>Leutasch, Innsbruck-Land</name>
        <extensions>
          <oa:locType>calcWayPoint</oa:locType>
          <oa:Extension>
            <oa:mapZoom>12</oa:mapZoom>
          </oa:Extension>
        </extensions>
      </trkpt>
      <trkpt lat="47.427912" lon="11.235764">
        <ele>1024.00721</ele>
      </trkpt>
      <trkpt lat="47.427949" lon="11.236958">
        <ele>1025.46507</ele>
      </trkpt>
      <trkpt lat="47.428155" lon="11.237505">
        <ele>1025.97322</ele>
      </trkpt>
      <trkpt lat="47.428313" lon="11.238791">
        <ele>1028.77079</ele>
      </trkpt>
      <trkpt lat="47.428719" lon="11.24057">
        <ele>1033.17432</ele>
      </trkpt>
      <trkpt lat="47.428709" lon="11.241484">
        <ele>1035.23642</ele>
      </trkpt>
      <trkpt lat="47.42851" lon="11.242071">
        <ele>1035.87143</ele>
      </trkpt>
      <trkpt lat="47.428237" lon="11.242188">
        <ele>1035.66307</ele>
      </trkpt>
      <trkpt lat="47.428261" lon="11.24295">
        <ele>1037.62569</ele>
      </trkpt>
      <trkpt lat="47.428028" lon="11.243861">
        <ele>1045.57812</ele>
      </trkpt>
      <trkpt lat="47.42722" lon="11.243977">
        <ele>1051.75044</ele>
      </trkpt>
      <trkpt lat="47.427064" lon="11.244689">
        <ele>1053.23072</ele>
      </trkpt>
      <trkpt lat="47.427119" lon="11.245177">
        <ele>1055.00229</ele>
      </trkpt>
      <trkpt lat="47.426503" lon="11.246071">
        <ele>1058.6601</ele>
      </trkpt>
      <trkpt lat="47.425933" lon="11.24746">
        <ele>1056.72105</ele>
      </trkpt>
      <trkpt lat="47.425957" lon="11.247819">
        <ele>1055.3853</ele>
      </trkpt>
      <trkpt lat="47.426233" lon="11.248261">
        <ele>1052.10885</ele>
      </trkpt>
      <trkpt lat="47.426063" lon="11.248985">
        <ele>1050.89266</ele>
      </trkpt>
      <trkpt lat="47.425704" lon="11.249494">
        <ele>1042.72345</ele>
      </trkpt>
      <trkpt lat="47.425628" lon="11.249981">
        <ele>1040.01703</ele>
      </trkpt>
      <trkpt lat="47.425712" lon="11.250342">
        <ele>1039.45991</ele>
      </trkpt>
      <trkpt lat="47.425342" lon="11.251001">
        <ele>1035.85947</ele>
      </trkpt>
      <trkpt lat="47.425107" lon="11.251102">
        <ele>1032.61723</ele>
      </trkpt>
      <trkpt lat="47.424892" lon="11.251446">
        <ele>1027.95553</ele>
      </trkpt>
      <trkpt lat="47.424893" lon="11.251778">
        <ele>1022.80049</ele>
      </trkpt>
      <trkpt lat="47.42519" lon="11.252422">
        <ele>1010.82476</ele>
      </trkpt>
      <trkpt lat="47.425045" lon="11.252415">
        <ele>1006.67986</ele>
      </trkpt>
      <trkpt lat="47.425101" lon="11.252616">
        <ele>1003.09383</ele>
      </trkpt>
      <trkpt lat="47.424814" lon="11.252467">
        <ele>1001.31037</ele>
      </trkpt>
      <trkpt lat="47.424475" lon="11.252806">
        <ele>993.37834</ele>
      </trkpt>
      <trkpt lat="47.424281" lon="11.253158">
        <ele>986.57237</ele>
      </trkpt>
      <trkpt lat="47.424303" lon="11.253508">
        <ele>981.6393</ele>
      </trkpt>
      <trkpt lat="47.424182" lon="11.253813">
        <ele>974.53532</ele>
      </trkpt>
      <trkpt lat="47.423892" lon="11.254074">
        <ele>962.59604</ele>
      </trkpt>
      <trkpt lat="47.42304" lon="11.254291">
        <ele>947.19216</ele>
      </trkpt>
      <trkpt lat="47.423168" lon="11.254711">
        <ele>938.2351</ele>
      </trkpt>
      <trkpt lat="47.422918" lon="11.254933">
        <ele>931.00382</ele>
      </trkpt>
      <trkpt lat="47.42303" lon="11.255379">
        <ele>927.61177</ele>
      </trkpt>
      <trkpt lat="47.422979" lon="11.256516">
        <ele>926.59706</ele>
      </trkpt>
      <trkpt lat="47.42309" lon="11.256562">
        <ele>926.4519</ele>
        <name>Mittenwald, Leutasch</name>
        <extensions>
          <oa:locType>calcWayPoint</oa:locType>
          <oa:Extension>
            <oa:mapZoom>12</oa:mapZoom>
          </oa:Extension>
        </extensions>
      </trkpt>
      <trkpt lat="47.423605" lon="11.256797">
        <ele>926.10287</ele>
      </trkpt>
      <trkpt lat="47.425193" lon="11.257832">
        <ele>924.33952</ele>
      </trkpt>
      <trkpt lat="47.426628" lon="11.258329">
        <ele>923.73805</ele>
      </trkpt>
      <trkpt lat="47.427601" lon="11.258841">
        <ele>922.85003</ele>
      </trkpt>
      <trkpt lat="47.428509" lon="11.25918">
        <ele>922.15366</ele>
      </trkpt>
      <trkpt lat="47.428721" lon="11.259516">
        <ele>922.70231</ele>
      </trkpt>
      <trkpt lat="47.428794" lon="11.260128">
        <ele>922.83386</ele>
      </trkpt>
      <trkpt lat="47.430109" lon="11.259853">
        <ele>920.15451</ele>
      </trkpt>
      <trkpt lat="47.430758" lon="11.259744">
        <ele>919.09957</ele>
      </trkpt>
      <trkpt lat="47.431378" lon="11.259436">
        <ele>919.10697</ele>
      </trkpt>
      <trkpt lat="47.432997" lon="11.260127">
        <ele>919.38094</ele>
      </trkpt>
      <trkpt lat="47.433286" lon="11.259802">
        <ele>913.39432</ele>
      </trkpt>
      <trkpt lat="47.4336" lon="11.259671">
        <ele>920.10995</ele>
      </trkpt>
      <trkpt lat="47.434305" lon="11.259804">
        <ele>917.82908</ele>
      </trkpt>
      <trkpt lat="47.434433" lon="11.259394">
        <ele>919.95923</ele>
      </trkpt>
      <trkpt lat="47.43468" lon="11.259084">
        <ele>922.49038</ele>
        <name>Mittenwald, Landkreis Garmisch-Partenkirchen</name>
        <extensions>
          <oa:locType>calcWayPoint</oa:locType>
          <oa:Extension>
            <oa:mapZoom>12</oa:mapZoom>
          </oa:Extension>
        </extensions>
      </trkpt>
      <trkpt lat="47.434924" lon="11.258473">
        <ele>926.26686</ele>
      </trkpt>
      <trkpt lat="47.434731" lon="11.258537">
        <ele>932.22467</ele>
      </trkpt>
      <trkpt lat="47.434614" lon="11.258437">
        <ele>938.19107</ele>
      </trkpt>
      <trkpt lat="47.43469" lon="11.258162">
        <ele>946.45202</ele>
      </trkpt>
      <trkpt lat="47.43434" lon="11.257717">
        <ele>955.05924</ele>
      </trkpt>
      <trkpt lat="47.433925" lon="11.258014">
        <ele>961.49965</ele>
      </trkpt>
      <trkpt lat="47.433622" lon="11.257973">
        <ele>964.97991</ele>
      </trkpt>
      <trkpt lat="47.433535" lon="11.25799">
        <ele>964.78752</ele>
      </trkpt>
      <trkpt lat="47.433542" lon="11.258124">
        <ele>962.68517</ele>
      </trkpt>
      <trkpt lat="47.433415" lon="11.258099">
        <ele>961.6485</ele>
      </trkpt>
      <trkpt lat="47.433132" lon="11.257778">
        <ele>969.40997</ele>
      </trkpt>
      <trkpt lat="47.43307" lon="11.257508">
        <ele>972.7153</ele>
      </trkpt>
      <trkpt lat="47.4332" lon="11.257493">
        <ele>973.73864</ele>
      </trkpt>
      <trkpt lat="47.432636" lon="11.256712">
        <ele>990.04399</ele>
      </trkpt>
      <trkpt lat="47.433012" lon="11.256747">
        <ele>997.23835</ele>
      </trkpt>
      <trkpt lat="47.433282" lon="11.256577">
        <ele>1001.50376</ele>
      </trkpt>
      <trkpt lat="47.433215" lon="11.255957">
        <ele>1013.02422</ele>
      </trkpt>
      <trkpt lat="47.433609" lon="11.255393">
        <ele>1020.12578</ele>
      </trkpt>
      <trkpt lat="47.433609" lon="11.255123">
        <ele>1026.74661</ele>
      </trkpt>
      <trkpt lat="47.433998" lon="11.254309">
        <ele>1027.06177</ele>
      </trkpt>
      <trkpt lat="47.434014" lon="11.253934">
        <ele>1034.68843</ele>
      </trkpt>
      <trkpt lat="47.434306" lon="11.2534">
        <ele>1044.76648</ele>
      </trkpt>
      <trkpt lat="47.434356" lon="11.25245">
        <ele>1048.99863</ele>
      </trkpt>
      <trkpt lat="47.434715" lon="11.251608">
        <ele>1057.76218</ele>
      </trkpt>
      <trkpt lat="47.434715" lon="11.251283">
        <ele>1063.69694</ele>
      </trkpt>
      <trkpt lat="47.434531" lon="11.250574">
        <ele>1065.72416</ele>
      </trkpt>
      <trkpt lat="47.434288" lon="11.250284">
        <ele>1070.17711</ele>
      </trkpt>
      <trkpt lat="47.434171" lon="11.249427">
        <ele>1070.41608</ele>
      </trkpt>
      <trkpt lat="47.434126" lon="11.248344">
        <ele>1074.63543</ele>
      </trkpt>
      <trkpt lat="47.434347" lon="11.247303">
        <ele>1071.16081</ele>
      </trkpt>
      <trkpt lat="47.434624" lon="11.247099">
        <ele>1074.19474</ele>
      </trkpt>
      <trkpt lat="47.434736" lon="11.246841">
        <ele>1073.86171</ele>
      </trkpt>
      <trkpt lat="47.434783" lon="11.246397">
        <ele>1073.69398</ele>
      </trkpt>
      <trkpt lat="47.434652" lon="11.245231">
        <ele>1076.60261</ele>
      </trkpt>
      <trkpt lat="47.434643" lon="11.243324">
        <ele>1073.6365</ele>
      </trkpt>
      <trkpt lat="47.434799" lon="11.242691">
        <ele>1073.02631</ele>
      </trkpt>
      <trkpt lat="47.434704" lon="11.242042">
        <ele>1075.4497</ele>
      </trkpt>
      <trkpt lat="47.434735" lon="11.24176">
        <ele>1075.22449</ele>
      </trkpt>
      <trkpt lat="47.434922" lon="11.241218">
        <ele>1078.83367</ele>
      </trkpt>
      <trkpt lat="47.435145" lon="11.240551">
        <ele>1084.10108</ele>
      </trkpt>
      <trkpt lat="47.43522" lon="11.240264">
        <ele>1085.95135</ele>
      </trkpt>
      <trkpt lat="47.435044" lon="11.239496">
        <ele>1090.48556</ele>
      </trkpt>
      <trkpt lat="47.434884" lon="11.239314">
        <ele>1091.61082</ele>
      </trkpt>
      <trkpt lat="47.434679" lon="11.238794">
        <ele>1088.58313</ele>
      </trkpt>
      <trkpt lat="47.434329" lon="11.238252">
        <ele>1086.93016</ele>
      </trkpt>
      <trkpt lat="47.433962" lon="11.237386">
        <ele>1084.02581</ele>
      </trkpt>
      <trkpt lat="47.433879" lon="11.237045">
        <ele>1087.20561</ele>
      </trkpt>
      <trkpt lat="47.433879" lon="11.236366">
        <ele>1092.52479</ele>
      </trkpt>
      <trkpt lat="47.434066" lon="11.235591">
        <ele>1084.85444</ele>
      </trkpt>
      <trkpt lat="47.434066" lon="11.235181">
        <ele>1083.10136</ele>
      </trkpt>
      <trkpt lat="47.434202" lon="11.234843">
        <ele>1085.5041</ele>
      </trkpt>
      <trkpt lat="47.43407" lon="11.234191">
        <ele>1084.89791</ele>
      </trkpt>
      <trkpt lat="47.434267" lon="11.233276">
        <ele>1084.73299</ele>
      </trkpt>
      <trkpt lat="47.434231" lon="11.232169">
        <ele>1089.33641</ele>
      </trkpt>
      <trkpt lat="47.434343" lon="11.231442">
        <ele>1093.00273</ele>
      </trkpt>
      <trkpt lat="47.434706" lon="11.230887">
        <ele>1089.14681</ele>
      </trkpt>
      <trkpt lat="47.434955" lon="11.230711">
        <ele>1092.05263</ele>
      </trkpt>
      <trkpt lat="47.435305" lon="11.229714">
        <ele>1094.87515</ele>
      </trkpt>
      <trkpt lat="47.435519" lon="11.229446">
        <ele>1096.08031</ele>
      </trkpt>
      <trkpt lat="47.43593" lon="11.228396">
        <ele>1094.26819</ele>
      </trkpt>
      <trkpt lat="47.436348" lon="11.22698">
        <ele>1087.73006</ele>
      </trkpt>
      <trkpt lat="47.436521" lon="11.225367">
        <ele>1086.85101</ele>
      </trkpt>
      <trkpt lat="47.436311" lon="11.223784">
        <ele>1082.61096</ele>
      </trkpt>
      <trkpt lat="47.436718" lon="11.223139">
        <ele>1076.9652</ele>
      </trkpt>
      <trkpt lat="47.436812" lon="11.222684">
        <ele>1080.96527</ele>
      </trkpt>
      <trkpt lat="47.436677" lon="11.221731">
        <ele>1076.90985</ele>
      </trkpt>
      <trkpt lat="47.437238" lon="11.220202">
        <ele>1073.10223</ele>
      </trkpt>
      <trkpt lat="47.43736" lon="11.219684">
        <ele>1069.98452</ele>
      </trkpt>
      <trkpt lat="47.437311" lon="11.219389">
        <ele>1068.57564</ele>
      </trkpt>
      <trkpt lat="47.437189" lon="11.219252">
        <ele>1072.16196</ele>
      </trkpt>
      <trkpt lat="47.437135" lon="11.218341">
        <ele>1065.66086</ele>
      </trkpt>
      <trkpt lat="47.437002" lon="11.218014">
        <ele>1064.85867</ele>
      </trkpt>
      <trkpt lat="47.437004" lon="11.217291">
        <ele>1060.47827</ele>
      </trkpt>
      <trkpt lat="47.436095" lon="11.21678">
        <ele>1059.8794</ele>
      </trkpt>
      <trkpt lat="47.436035" lon="11.216251">
        <ele>1059.90323</ele>
      </trkpt>
      <trkpt lat="47.436076" lon="11.215481">
        <ele>1061.01435</ele>
      </trkpt>
      <trkpt lat="47.43627" lon="11.215152">
        <ele>1059.79365</ele>
      </trkpt>
      <trkpt lat="47.436913" lon="11.214784">
        <ele>1059.88616</ele>
      </trkpt>
      <trkpt lat="47.437067" lon="11.214539">
        <ele>1059.94243</ele>
      </trkpt>
      <trkpt lat="47.437354" lon="11.213641">
        <ele>1060.15119</ele>
      </trkpt>
      <trkpt lat="47.437409" lon="11.213164">
        <ele>1059.90684</ele>
      </trkpt>
      <trkpt lat="47.437779" lon="11.212306">
        <ele>1060.35434</ele>
        <name>Wettersteingebiet einschließlich Latschengürtel bei Mittenwald, Mittenwald, Leutasch</name>
        <extensions>
          <oa:locType>calcWayPoint</oa:locType>
          <oa:Extension>
            <oa:mapZoom>12</oa:mapZoom>
          </oa:Extension>
        </extensions>
      </trkpt>
      <trkpt lat="47.438441" lon="11.211346">
        <ele>1060.14811</ele>
      </trkpt>
      <trkpt lat="47.43888" lon="11.210845">
        <ele>1062.10644</ele>
      </trkpt>
      <trkpt lat="47.439057" lon="11.210507">
        <ele>1063.83332</ele>
      </trkpt>
      <trkpt lat="47.439241" lon="11.210381">
        <ele>1062.6835</ele>
      </trkpt>
      <trkpt lat="47.439977" lon="11.21057">
        <ele>1059.74083</ele>
      </trkpt>
      <trkpt lat="47.440462" lon="11.210546">
        <ele>1059.89711</ele>
      </trkpt>
      <trkpt lat="47.440399" lon="11.211795">
        <ele>1059.94649</ele>
      </trkpt>
      <trkpt lat="47.440739" lon="11.21238">
        <ele>1061.66133</ele>
      </trkpt>
      <trkpt lat="47.441439" lon="11.211632">
        <ele>1063.77624</ele>
      </trkpt>
      <trkpt lat="47.441949" lon="11.210743">
        <ele>1064.71737</ele>
      </trkpt>
      <trkpt lat="47.442317" lon="11.209692">
        <ele>1059.54845</ele>
      </trkpt>
      <trkpt lat="47.443601" lon="11.207727">
        <ele>1055.67982</ele>
      </trkpt>
      <trkpt lat="47.443748" lon="11.2074">
        <ele>1055.39661</ele>
      </trkpt>
      <trkpt lat="47.443978" lon="11.20652">
        <ele>1056.57268</ele>
      </trkpt>
      <trkpt lat="47.444274" lon="11.205825">
        <ele>1057.1627</ele>
      </trkpt>
      <trkpt lat="47.444786" lon="11.20485">
        <ele>1056.33826</ele>
      </trkpt>
      <trkpt lat="47.44515" lon="11.20363">
        <ele>1054.48184</ele>
      </trkpt>
      <trkpt lat="47.445399" lon="11.20229">
        <ele>1058.79996</ele>
      </trkpt>
      <trkpt lat="47.446436" lon="11.201527">
        <ele>1056.2859</ele>
      </trkpt>
      <trkpt lat="47.446946" lon="11.201285">
        <ele>1057.63424</ele>
      </trkpt>
      <trkpt lat="47.447979" lon="11.198439">
        <ele>1072.26959</ele>
      </trkpt>
      <trkpt lat="47.448297" lon="11.197959">
        <ele>1076.82015</ele>
      </trkpt>
      <trkpt lat="47.448619" lon="11.197712">
        <ele>1077.22366</ele>
      </trkpt>
      <trkpt lat="47.449036" lon="11.196726">
        <ele>1083.73957</ele>
      </trkpt>
      <trkpt lat="47.449237" lon="11.196507">
        <ele>1084.05232</ele>
      </trkpt>
      <trkpt lat="47.449431" lon="11.196497">
        <ele>1084.09212</ele>
      </trkpt>
      <trkpt lat="47.450522" lon="11.197404">
        <ele>1083.65295</ele>
      </trkpt>
      <trkpt lat="47.451299" lon="11.197525">
        <ele>1087.93824</ele>
      </trkpt>
      <trkpt lat="47.452324" lon="11.197886">
        <ele>1097.84884</ele>
      </trkpt>
      <trkpt lat="47.452801" lon="11.198033">
        <ele>1103.75413</ele>
      </trkpt>
      <trkpt lat="47.453288" lon="11.198255">
        <ele>1107.9691</ele>
      </trkpt>
      <trkpt lat="47.45356" lon="11.198292">
        <ele>1108.0085</ele>
      </trkpt>
      <trkpt lat="47.453958" lon="11.198777">
        <ele>1106.6634</ele>
      </trkpt>
      <trkpt lat="47.454405" lon="11.19904">
        <ele>1108.82678</ele>
      </trkpt>
      <trkpt lat="47.454852" lon="11.19915">
        <ele>1111.01623</ele>
      </trkpt>
      <trkpt lat="47.455123" lon="11.198949">
        <ele>1111.60863</ele>
      </trkpt>
      <trkpt lat="47.455349" lon="11.198229">
        <ele>1111.99413</ele>
      </trkpt>
      <trkpt lat="47.455636" lon="11.197923">
        <ele>1109.32448</ele>
      </trkpt>
      <trkpt lat="47.456071" lon="11.197699">
        <ele>1107.71351</ele>
      </trkpt>
      <trkpt lat="47.456824" lon="11.19612">
        <ele>1107.58575</ele>
      </trkpt>
      <trkpt lat="47.457406" lon="11.195789">
        <ele>1112.3469</ele>
      </trkpt>
      <trkpt lat="47.457566" lon="11.195501">
        <ele>1114.55765</ele>
      </trkpt>
      <trkpt lat="47.457879" lon="11.195274">
        <ele>1116.02674</ele>
      </trkpt>
      <trkpt lat="47.4588" lon="11.194923">
        <ele>1114.1416</ele>
      </trkpt>
      <trkpt lat="47.459425" lon="11.194701">
        <ele>1116.32532</ele>
      </trkpt>
      <trkpt lat="47.459553" lon="11.19462">
        <ele>1115.85878</ele>
      </trkpt>
      <trkpt lat="47.460187" lon="11.193594">
        <ele>1120.54704</ele>
      </trkpt>
      <trkpt lat="47.460505" lon="11.193558">
        <ele>1120.76402</ele>
      </trkpt>
      <trkpt lat="47.460897" lon="11.193837">
        <ele>1117.9719</ele>
      </trkpt>
      <trkpt lat="47.461245" lon="11.19347">
        <ele>1113.66093</ele>
      </trkpt>
      <trkpt lat="47.461482" lon="11.193646">
        <ele>1109.84599</ele>
      </trkpt>
      <trkpt lat="47.46251" lon="11.193888">
        <ele>1095.71792</ele>
      </trkpt>
      <trkpt lat="47.462773" lon="11.193397">
        <ele>1088.19402</ele>
      </trkpt>
      <trkpt lat="47.462513" lon="11.192805">
        <ele>1083.47057</ele>
      </trkpt>
      <trkpt lat="47.462414" lon="11.192687">
        <ele>1082.09039</ele>
      </trkpt>
      <trkpt lat="47.4619" lon="11.192669">
        <ele>1074.80465</ele>
      </trkpt>
      <trkpt lat="47.461587" lon="11.192293">
        <ele>1068.32151</ele>
      </trkpt>
      <trkpt lat="47.461881" lon="11.191982">
        <ele>1063.24741</ele>
      </trkpt>
      <trkpt lat="47.461975" lon="11.1917">
        <ele>1061.57134</ele>
      </trkpt>
      <trkpt lat="47.461741" lon="11.190115">
        <ele>1054.40258</ele>
      </trkpt>
      <trkpt lat="47.4618" lon="11.189663">
        <ele>1050.91634</ele>
      </trkpt>
      <trkpt lat="47.46163" lon="11.189523">
        <ele>1044.6264</ele>
      </trkpt>
      <trkpt lat="47.461593" lon="11.189315">
        <ele>1037.16759</ele>
      </trkpt>
      <trkpt lat="47.461704" lon="11.188982">
        <ele>1026.70656</ele>
      </trkpt>
      <trkpt lat="47.461685" lon="11.188205">
        <ele>1009.5781</ele>
      </trkpt>
      <trkpt lat="47.462229" lon="11.188601">
        <ele>1005.41264</ele>
      </trkpt>
      <trkpt lat="47.462682" lon="11.188731">
        <ele>1000.0633</ele>
      </trkpt>
      <trkpt lat="47.463255" lon="11.187928">
        <ele>994.88493</ele>
      </trkpt>
      <trkpt lat="47.463591" lon="11.18783">
        <ele>994.25965</ele>
      </trkpt>
      <trkpt lat="47.463794" lon="11.18871">
        <ele>995.64383</ele>
      </trkpt>
      <trkpt lat="47.464269" lon="11.189602">
        <ele>998.79496</ele>
      </trkpt>
      <trkpt lat="47.464615" lon="11.189922">
        <ele>998.70524</ele>
      </trkpt>
      <trkpt lat="47.465228" lon="11.190217">
        <ele>999.29426</ele>
      </trkpt>
      <trkpt lat="47.465702" lon="11.19048">
        <ele>999.03301</ele>
      </trkpt>
      <trkpt lat="47.466089" lon="11.190174">
        <ele>996.42143</ele>
      </trkpt>
      <trkpt lat="47.466599" lon="11.190212">
        <ele>995.11675</ele>
      </trkpt>
      <trkpt lat="47.466854" lon="11.189886">
        <ele>996.79725</ele>
      </trkpt>
      <trkpt lat="47.467514" lon="11.189999">
        <ele>1008.19579</ele>
      </trkpt>
      <trkpt lat="47.467873" lon="11.190401">
        <ele>1018.83546</ele>
      </trkpt>
      <trkpt lat="47.468278" lon="11.190439">
        <ele>1027.95558</ele>
      </trkpt>
      <trkpt lat="47.468699" lon="11.190754">
        <ele>1037.64792</ele>
      </trkpt>
      <trkpt lat="47.469142" lon="11.1909">
        <ele>1047.87923</ele>
      </trkpt>
      <trkpt lat="47.469472" lon="11.190852">
        <ele>1057.67411</ele>
      </trkpt>
      <trkpt lat="47.46989" lon="11.190825">
        <ele>1065.70049</ele>
      </trkpt>
      <trkpt lat="47.470702" lon="11.190334">
        <ele>1081.57078</ele>
      </trkpt>
      <trkpt lat="47.470908" lon="11.190367">
        <ele>1088.43235</ele>
      </trkpt>
      <trkpt lat="47.471792" lon="11.191033">
        <ele>1102.98986</ele>
      </trkpt>
      <trkpt lat="47.472292" lon="11.191238">
        <ele>1103.45744</ele>
      </trkpt>
      <trkpt lat="47.472364" lon="11.190715">
        <ele>1116.04355</ele>
      </trkpt>
      <trkpt lat="47.472263" lon="11.190164">
        <ele>1125.93222</ele>
      </trkpt>
      <trkpt lat="47.472391" lon="11.189607">
        <ele>1134.01876</ele>
      </trkpt>
      <trkpt lat="47.473413" lon="11.188805">
        <ele>1155.74938</ele>
      </trkpt>
      <trkpt lat="47.473775" lon="11.188663">
        <ele>1167.69685</ele>
      </trkpt>
      <trkpt lat="47.473902" lon="11.188476">
        <ele>1169.5958</ele>
      </trkpt>
      <trkpt lat="47.474357" lon="11.188319">
        <ele>1178.01165</ele>
      </trkpt>
      <trkpt lat="47.474333" lon="11.188122">
        <ele>1181.89031</ele>
      </trkpt>
      <trkpt lat="47.47514" lon="11.187444">
        <ele>1193.537</ele>
      </trkpt>
      <trkpt lat="47.475152" lon="11.187325">
        <ele>1194.88572</ele>
      </trkpt>
      <trkpt lat="47.474811" lon="11.187073">
        <ele>1200.1861</ele>
      </trkpt>
      <trkpt lat="47.474679" lon="11.186837">
        <ele>1203.6405</ele>
      </trkpt>
      <trkpt lat="47.474548" lon="11.186355">
        <ele>1208.3133</ele>
      </trkpt>
      <trkpt lat="47.475036" lon="11.184954">
        <ele>1219.09903</ele>
      </trkpt>
      <trkpt lat="47.475664" lon="11.18459">
        <ele>1222.36595</ele>
      </trkpt>
      <trkpt lat="47.475481" lon="11.183472">
        <ele>1229.50931</ele>
      </trkpt>
      <trkpt lat="47.474929" lon="11.183001">
        <ele>1232.23883</ele>
      </trkpt>
      <trkpt lat="47.474295" lon="11.182168">
        <ele>1232.77845</ele>
      </trkpt>
      <trkpt lat="47.47382" lon="11.181143">
        <ele>1235.89248</ele>
      </trkpt>
      <trkpt lat="47.474131" lon="11.181117">
        <ele>1241.20358</ele>
      </trkpt>
      <trkpt lat="47.47439" lon="11.180737">
        <ele>1246.30337</ele>
      </trkpt>
      <trkpt lat="47.474676" lon="11.180588">
        <ele>1247.59454</ele>
      </trkpt>
      <trkpt lat="47.475222" lon="11.180566">
        <ele>1249.92304</ele>
      </trkpt>
      <trkpt lat="47.475475" lon="11.180791">
        <ele>1252.31611</ele>
      </trkpt>
      <trkpt lat="47.475884" lon="11.180595">
        <ele>1256.09518</ele>
      </trkpt>
      <trkpt lat="47.476098" lon="11.180039">
        <ele>1259.2424</ele>
      </trkpt>
      <trkpt lat="47.476649" lon="11.179797">
        <ele>1265.93199</ele>
      </trkpt>
      <trkpt lat="47.476789" lon="11.179551">
        <ele>1269.92959</ele>
      </trkpt>
      <trkpt lat="47.476821" lon="11.179063">
        <ele>1276.01325</ele>
        <name>Garmisch-Partenkirchen, Krün</name>
        <extensions>
          <oa:locType>calcWayPoint</oa:locType>
          <oa:Extension>
            <oa:mapZoom>12</oa:mapZoom>
          </oa:Extension>
        </extensions>
      </trkpt>
      <trkpt lat="47.476717" lon="11.178171">
        <ele>1282.29063</ele>
      </trkpt>
      <trkpt lat="47.47636" lon="11.177024">
        <ele>1277.49917</ele>
      </trkpt>
      <trkpt lat="47.476168" lon="11.176639">
        <ele>1277.14267</ele>
      </trkpt>
      <trkpt lat="47.4758" lon="11.176319">
        <ele>1270.1482</ele>
      </trkpt>
      <trkpt lat="47.475475" lon="11.175824">
        <ele>1274.80334</ele>
      </trkpt>
      <trkpt lat="47.474852" lon="11.174252">
        <ele>1265.66931</ele>
      </trkpt>
      <trkpt lat="47.474739" lon="11.173038">
        <ele>1270.9663</ele>
      </trkpt>
      <trkpt lat="47.474453" lon="11.172147">
        <ele>1280.27972</ele>
      </trkpt>
      <trkpt lat="47.474668" lon="11.170719">
        <ele>1294.1056</ele>
      </trkpt>
      <trkpt lat="47.474594" lon="11.170035">
        <ele>1299.65809</ele>
      </trkpt>
      <trkpt lat="47.474648" lon="11.169657">
        <ele>1298.33553</ele>
      </trkpt>
      <trkpt lat="47.474334" lon="11.168586">
        <ele>1302.6548</ele>
      </trkpt>
      <trkpt lat="47.47428" lon="11.168016">
        <ele>1300.86346</ele>
      </trkpt>
      <trkpt lat="47.474341" lon="11.167762">
        <ele>1300.59736</ele>
      </trkpt>
      <trkpt lat="47.474097" lon="11.167137">
        <ele>1296.99294</ele>
      </trkpt>
      <trkpt lat="47.474114" lon="11.166057">
        <ele>1291.66658</ele>
      </trkpt>
      <trkpt lat="47.473941" lon="11.165623">
        <ele>1284.93002</ele>
      </trkpt>
      <trkpt lat="47.473978" lon="11.16506">
        <ele>1277.60335</ele>
      </trkpt>
      <trkpt lat="47.473859" lon="11.164763">
        <ele>1276.41217</ele>
      </trkpt>
      <trkpt lat="47.473893" lon="11.164399">
        <ele>1277.50748</ele>
      </trkpt>
      <trkpt lat="47.473571" lon="11.163288">
        <ele>1280.25318</ele>
      </trkpt>
      <trkpt lat="47.4732" lon="11.162584">
        <ele>1279.68296</ele>
      </trkpt>
      <trkpt lat="47.472953" lon="11.161802">
        <ele>1271.60824</ele>
      </trkpt>
      <trkpt lat="47.472742" lon="11.160731">
        <ele>1270.40929</ele>
      </trkpt>
      <trkpt lat="47.472703" lon="11.159693">
        <ele>1258.45286</ele>
      </trkpt>
      <trkpt lat="47.472796" lon="11.158962">
        <ele>1253.00074</ele>
      </trkpt>
      <trkpt lat="47.472702" lon="11.158486">
        <ele>1248.35771</ele>
      </trkpt>
      <trkpt lat="47.472419" lon="11.158001">
        <ele>1237.56294</ele>
      </trkpt>
      <trkpt lat="47.472335" lon="11.15739">
        <ele>1231.94496</ele>
      </trkpt>
      <trkpt lat="47.472249" lon="11.157307">
        <ele>1230.50242</ele>
      </trkpt>
      <trkpt lat="47.472388" lon="11.15642">
        <ele>1223.26474</ele>
      </trkpt>
      <trkpt lat="47.472228" lon="11.155753">
        <ele>1216.69231</ele>
      </trkpt>
      <trkpt lat="47.472248" lon="11.155041">
        <ele>1215.4731</ele>
      </trkpt>
      <trkpt lat="47.472088" lon="11.154425">
        <ele>1219.76776</ele>
      </trkpt>
      <trkpt lat="47.472086" lon="11.153884">
        <ele>1216.28137</ele>
      </trkpt>
      <trkpt lat="47.472117" lon="11.153576">
        <ele>1213.82705</ele>
      </trkpt>
      <trkpt lat="47.472635" lon="11.152554">
        <ele>1205.17624</ele>
      </trkpt>
      <trkpt lat="47.472642" lon="11.152178">
        <ele>1201.95633</ele>
      </trkpt>
      <trkpt lat="47.472114" lon="11.151589">
        <ele>1196.08454</ele>
      </trkpt>
      <trkpt lat="47.471874" lon="11.150461">
        <ele>1193.1635</ele>
      </trkpt>
      <trkpt lat="47.471675" lon="11.150235">
        <ele>1191.516</ele>
      </trkpt>
      <trkpt lat="47.471232" lon="11.150142">
        <ele>1185.62639</ele>
      </trkpt>
      <trkpt lat="47.470881" lon="11.149522">
        <ele>1183.62136</ele>
      </trkpt>
      <trkpt lat="47.470465" lon="11.148129">
        <ele>1185.43124</ele>
      </trkpt>
      <trkpt lat="47.470495" lon="11.147301">
        <ele>1178.63477</ele>
      </trkpt>
      <trkpt lat="47.469783" lon="11.146656">
        <ele>1179.1966</ele>
      </trkpt>
      <trkpt lat="47.469702" lon="11.146138">
        <ele>1182.61809</ele>
      </trkpt>
      <trkpt lat="47.469391" lon="11.14586">
        <ele>1187.04124</ele>
      </trkpt>
      <trkpt lat="47.469089" lon="11.145322">
        <ele>1196.77248</ele>
      </trkpt>
      <trkpt lat="47.469003" lon="11.144938">
        <ele>1201.1385</ele>
      </trkpt>
      <trkpt lat="47.46868" lon="11.144435">
        <ele>1203.90146</ele>
      </trkpt>
      <trkpt lat="47.468193" lon="11.143151">
        <ele>1194.16668</ele>
      </trkpt>
      <trkpt lat="47.467704" lon="11.142572">
        <ele>1189.58548</ele>
      </trkpt>
      <trkpt lat="47.467584" lon="11.141879">
        <ele>1195.08387</ele>
      </trkpt>
      <trkpt lat="47.467547" lon="11.140891">
        <ele>1204.37077</ele>
      </trkpt>
      <trkpt lat="47.467315" lon="11.139783">
        <ele>1210.53656</ele>
      </trkpt>
      <trkpt lat="47.467353" lon="11.138496">
        <ele>1223.39638</ele>
      </trkpt>
      <trkpt lat="47.467071" lon="11.137215">
        <ele>1229.60781</ele>
      </trkpt>
      <trkpt lat="47.466847" lon="11.136901">
        <ele>1229.95284</ele>
      </trkpt>
      <trkpt lat="47.466587" lon="11.136053">
        <ele>1220.34915</ele>
      </trkpt>
      <trkpt lat="47.4666" lon="11.135412">
        <ele>1225.55912</ele>
      </trkpt>
      <trkpt lat="47.466125" lon="11.134359">
        <ele>1229.31185</ele>
      </trkpt>
      <trkpt lat="47.466098" lon="11.13241">
        <ele>1215.33014</ele>
      </trkpt>
      <trkpt lat="47.465901" lon="11.132165">
        <ele>1210.89268</ele>
      </trkpt>
      <trkpt lat="47.465482" lon="11.132016">
        <ele>1201.90109</ele>
      </trkpt>
      <trkpt lat="47.465514" lon="11.131691">
        <ele>1195.26918</ele>
      </trkpt>
      <trkpt lat="47.465102" lon="11.13226">
        <ele>1185.15493</ele>
      </trkpt>
      <trkpt lat="47.465097" lon="11.131831">
        <ele>1180.56579</ele>
      </trkpt>
      <trkpt lat="47.465204" lon="11.131565">
        <ele>1175.85982</ele>
      </trkpt>
      <trkpt lat="47.464913" lon="11.131581">
        <ele>1171.84449</ele>
      </trkpt>
      <trkpt lat="47.464891" lon="11.131416">
        <ele>1168.38475</ele>
      </trkpt>
      <trkpt lat="47.465072" lon="11.131303">
        <ele>1163.43602</ele>
      </trkpt>
      <trkpt lat="47.465034" lon="11.131167">
        <ele>1159.20814</ele>
      </trkpt>
      <trkpt lat="47.464521" lon="11.130685">
        <ele>1150.8537</ele>
      </trkpt>
      <trkpt lat="47.464357" lon="11.130646">
        <ele>1148.94968</ele>
      </trkpt>
      <trkpt lat="47.464222" lon="11.130823">
        <ele>1148.38304</ele>
      </trkpt>
      <trkpt lat="47.464283" lon="11.131162">
        <ele>1142.99684</ele>
      </trkpt>
      <trkpt lat="47.464224" lon="11.131701">
        <ele>1136.4033</ele>
      </trkpt>
      <trkpt lat="47.4637" lon="11.130649">
        <ele>1120.09039</ele>
      </trkpt>
      <trkpt lat="47.463484" lon="11.129771">
        <ele>1109.63823</ele>
      </trkpt>
      <trkpt lat="47.463542" lon="11.12954">
        <ele>1107.03618</ele>
      </trkpt>
      <trkpt lat="47.463877" lon="11.129235">
        <ele>1099.60045</ele>
      </trkpt>
      <trkpt lat="47.4633" lon="11.129126">
        <ele>1090.98223</ele>
      </trkpt>
      <trkpt lat="47.463035" lon="11.129448">
        <ele>1084.52539</ele>
      </trkpt>
      <trkpt lat="47.462942" lon="11.129126">
        <ele>1080.21286</ele>
      </trkpt>
      <trkpt lat="47.463135" lon="11.128914">
        <ele>1076.44243</ele>
      </trkpt>
      <trkpt lat="47.462815" lon="11.128889">
        <ele>1070.53032</ele>
      </trkpt>
      <trkpt lat="47.462954" lon="11.128723">
        <ele>1065.2165</ele>
      </trkpt>
      <trkpt lat="47.462697" lon="11.128668">
        <ele>1060.70542</ele>
      </trkpt>
      <trkpt lat="47.462884" lon="11.128472">
        <ele>1053.88513</ele>
      </trkpt>
      <trkpt lat="47.462536" lon="11.128514">
        <ele>1046.45067</ele>
      </trkpt>
      <trkpt lat="47.462584" lon="11.128326">
        <ele>1042.67045</ele>
      </trkpt>
      <trkpt lat="47.462482" lon="11.128318">
        <ele>1040.03225</ele>
      </trkpt>
      <trkpt lat="47.462596" lon="11.128152">
        <ele>1035.9212</ele>
      </trkpt>
      <trkpt lat="47.462401" lon="11.128199">
        <ele>1033.1515</ele>
      </trkpt>
      <trkpt lat="47.462576" lon="11.127974">
        <ele>1028.89741</ele>
      </trkpt>
      <trkpt lat="47.462287" lon="11.128041">
        <ele>1024.66679</ele>
      </trkpt>
      <trkpt lat="47.462435" lon="11.127842">
        <ele>1020.72134</ele>
      </trkpt>
      <trkpt lat="47.462195" lon="11.127864">
        <ele>1017.46452</ele>
      </trkpt>
      <trkpt lat="47.462255" lon="11.127708">
        <ele>1014.3732</ele>
      </trkpt>
      <trkpt lat="47.462565" lon="11.127572">
        <ele>1008.4829</ele>
      </trkpt>
      <trkpt lat="47.462296" lon="11.127415">
        <ele>1003.07441</ele>
      </trkpt>
      <trkpt lat="47.461975" lon="11.127438">
        <ele>998.96841</ele>
      </trkpt>
      <trkpt lat="47.462184" lon="11.127186">
        <ele>992.00337</ele>
      </trkpt>
      <trkpt lat="47.462011" lon="11.127131">
        <ele>989.3043</ele>
      </trkpt>
      <trkpt lat="47.461836" lon="11.127261">
        <ele>987.36779</ele>
      </trkpt>
      <trkpt lat="47.461979" lon="11.126923">
        <ele>980.51488</ele>
      </trkpt>
      <trkpt lat="47.461761" lon="11.127048">
        <ele>978.47265</ele>
      </trkpt>
      <trkpt lat="47.461822" lon="11.126765">
        <ele>971.88396</ele>
      </trkpt>
      <trkpt lat="47.462613" lon="11.126893">
        <ele>966.30801</ele>
      </trkpt>
      <trkpt lat="47.462933" lon="11.126614">
        <ele>959.76627</ele>
      </trkpt>
      <trkpt lat="47.464561" lon="11.125845">
        <ele>935.59484</ele>
      </trkpt>
      <trkpt lat="47.465028" lon="11.12543">
        <ele>925.66942</ele>
      </trkpt>
      <trkpt lat="47.465413" lon="11.125225">
        <ele>923.14637</ele>
      </trkpt>
      <trkpt lat="47.466846" lon="11.123547">
        <ele>901.23834</ele>
      </trkpt>
      <trkpt lat="47.46698" lon="11.123052">
        <ele>894.98198</ele>
        <name>Vordergraseck, Garmisch-Partenkirchen</name>
        <extensions>
          <oa:locType>calcWayPoint</oa:locType>
          <oa:Extension>
            <oa:mapZoom>12</oa:mapZoom>
          </oa:Extension>
        </extensions>
      </trkpt>
      <trkpt lat="47.46706" lon="11.122498">
        <ele>888.95955</ele>
      </trkpt>
      <trkpt lat="47.466639" lon="11.122626">
        <ele>888.10061</ele>
      </trkpt>
      <trkpt lat="47.466502" lon="11.12291">
        <ele>885.2002</ele>
      </trkpt>
      <trkpt lat="47.466105" lon="11.122756">
        <ele>884.11651</ele>
      </trkpt>
      <trkpt lat="47.465688" lon="11.123066">
        <ele>879.66716</ele>
      </trkpt>
      <trkpt lat="47.465646" lon="11.122339">
        <ele>865.47604</ele>
      </trkpt>
      <trkpt lat="47.465876" lon="11.122005">
        <ele>860.38641</ele>
      </trkpt>
      <trkpt lat="47.465632" lon="11.122041">
        <ele>854.15705</ele>
      </trkpt>
      <trkpt lat="47.46582" lon="11.121765">
        <ele>845.3243</ele>
      </trkpt>
      <trkpt lat="47.465794" lon="11.12151">
        <ele>838.86952</ele>
      </trkpt>
      <trkpt lat="47.465907" lon="11.121193">
        <ele>835.43626</ele>
      </trkpt>
      <trkpt lat="47.465735" lon="11.121521">
        <ele>832.13506</ele>
      </trkpt>
      <trkpt lat="47.465534" lon="11.121313">
        <ele>830.53404</ele>
      </trkpt>
      <trkpt lat="47.465604" lon="11.121019">
        <ele>835.86242</ele>
      </trkpt>
      <trkpt lat="47.465389" lon="11.121241">
        <ele>842.22794</ele>
      </trkpt>
      <trkpt lat="47.46548" lon="11.121007">
        <ele>847.90739</ele>
      </trkpt>
      <trkpt lat="47.465289" lon="11.121034">
        <ele>863.2585</ele>
      </trkpt>
      <trkpt lat="47.465357" lon="11.12067">
        <ele>870.52047</ele>
      </trkpt>
      <trkpt lat="47.465176" lon="11.120936">
        <ele>876.78309</ele>
      </trkpt>
      <trkpt lat="47.46399" lon="11.12108">
        <ele>904.89818</ele>
      </trkpt>
      <trkpt lat="47.463684" lon="11.120996">
        <ele>915.57997</ele>
      </trkpt>
      <trkpt lat="47.463987" lon="11.120404">
        <ele>933.83808</ele>
      </trkpt>
      <trkpt lat="47.463601" lon="11.120453">
        <ele>945.66802</ele>
      </trkpt>
      <trkpt lat="47.463" lon="11.119889">
        <ele>967.91417</ele>
      </trkpt>
      <trkpt lat="47.462995" lon="11.119119">
        <ele>970.54729</ele>
      </trkpt>
      <trkpt lat="47.462596" lon="11.118739">
        <ele>978.42803</ele>
      </trkpt>
      <trkpt lat="47.462401" lon="11.118339">
        <ele>984.95143</ele>
      </trkpt>
      <trkpt lat="47.461196" lon="11.11762">
        <ele>997.5436</ele>
      </trkpt>
      <trkpt lat="47.459606" lon="11.117377">
        <ele>1016.73542</ele>
      </trkpt>
      <trkpt lat="47.459082" lon="11.117468">
        <ele>1013.91532</ele>
      </trkpt>
      <trkpt lat="47.458366" lon="11.117026">
        <ele>1003.89149</ele>
      </trkpt>
      <trkpt lat="47.457432" lon="11.115763">
        <ele>999.9747</ele>
      </trkpt>
      <trkpt lat="47.456982" lon="11.114816">
        <ele>1011.59377</ele>
      </trkpt>
      <trkpt lat="47.456881" lon="11.114419">
        <ele>1018.39196</ele>
      </trkpt>
      <trkpt lat="47.456078" lon="11.113098">
        <ele>1035.19826</ele>
      </trkpt>
      <trkpt lat="47.455635" lon="11.112128">
        <ele>1041.17892</ele>
      </trkpt>
      <trkpt lat="47.454567" lon="11.111157">
        <ele>1028.74356</ele>
      </trkpt>
      <trkpt lat="47.454151" lon="11.110479">
        <ele>1016.927</ele>
      </trkpt>
      <trkpt lat="47.453839" lon="11.110367">
        <ele>1019.93342</ele>
      </trkpt>
      <trkpt lat="47.453402" lon="11.109752">
        <ele>1017.00656</ele>
      </trkpt>
      <trkpt lat="47.452496" lon="11.109237">
        <ele>996.78936</ele>
      </trkpt>
      <trkpt lat="47.452047" lon="11.108873">
        <ele>989.2844</ele>
      </trkpt>
      <trkpt lat="47.450977" lon="11.108627">
        <ele>981.88131</ele>
      </trkpt>
      <trkpt lat="47.450629" lon="11.10833">
        <ele>973.35195</ele>
      </trkpt>
      <trkpt lat="47.450519" lon="11.107789">
        <ele>971.1539</ele>
      </trkpt>
      <trkpt lat="47.450373" lon="11.107775">
        <ele>966.50266</ele>
      </trkpt>
      <trkpt lat="47.449852" lon="11.1081">
        <ele>968.91387</ele>
      </trkpt>
      <trkpt lat="47.448928" lon="11.108356">
        <ele>960.50043</ele>
      </trkpt>
      <trkpt lat="47.447718" lon="11.109225">
        <ele>954.40581</ele>
      </trkpt>
      <trkpt lat="47.447448" lon="11.108845">
        <ele>949.25007</ele>
      </trkpt>
      <trkpt lat="47.446928" lon="11.108701">
        <ele>947.36417</ele>
      </trkpt>
      <trkpt lat="47.446676" lon="11.10789">
        <ele>942.5913</ele>
      </trkpt>
      <trkpt lat="47.446252" lon="11.108067">
        <ele>944.87281</ele>
      </trkpt>
      <trkpt lat="47.445477" lon="11.107564">
        <ele>941.93321</ele>
      </trkpt>
      <trkpt lat="47.444745" lon="11.107639">
        <ele>940.14062</ele>
      </trkpt>
      <trkpt lat="47.444552" lon="11.107358">
        <ele>939.97961</ele>
      </trkpt>
      <trkpt lat="47.444302" lon="11.106609">
        <ele>939.4851</ele>
        <name>Wettersteingebiet einschließlich Latschengürtel bei Mittenwald, Garmisch-Partenkirchen</name>
        <extensions>
          <oa:locType>calcWayPoint</oa:locType>
          <oa:Extension>
            <oa:mapZoom>12</oa:mapZoom>
          </oa:Extension>
        </extensions>
      </trkpt>
      <trkpt lat="47.444262" lon="11.106064">
        <ele>939.93568</ele>
      </trkpt>
      <trkpt lat="47.444456" lon="11.105014">
        <ele>947.61933</ele>
      </trkpt>
      <trkpt lat="47.444436" lon="11.103978">
        <ele>955.36498</ele>
      </trkpt>
      <trkpt lat="47.444171" lon="11.103142">
        <ele>963.13441</ele>
      </trkpt>
      <trkpt lat="47.444009" lon="11.102105">
        <ele>974.24424</ele>
      </trkpt>
      <trkpt lat="47.44404" lon="11.101533">
        <ele>980.78821</ele>
      </trkpt>
      <trkpt lat="47.444295" lon="11.100329">
        <ele>988.57224</ele>
      </trkpt>
      <trkpt lat="47.444036" lon="11.099953">
        <ele>992.34384</ele>
      </trkpt>
      <trkpt lat="47.443868" lon="11.09935">
        <ele>992.61832</ele>
      </trkpt>
      <trkpt lat="47.443898" lon="11.098145">
        <ele>1001.67248</ele>
      </trkpt>
      <trkpt lat="47.44376" lon="11.09672">
        <ele>1016.68281</ele>
      </trkpt>
      <trkpt lat="47.443359" lon="11.095029">
        <ele>1036.55512</ele>
      </trkpt>
      <trkpt lat="47.443289" lon="11.093845">
        <ele>1042.85945</ele>
      </trkpt>
      <trkpt lat="47.443088" lon="11.092994">
        <ele>1047.68718</ele>
      </trkpt>
      <trkpt lat="47.442729" lon="11.090135">
        <ele>1064.32138</ele>
      </trkpt>
      <trkpt lat="47.442949" lon="11.088193">
        <ele>1082.80925</ele>
      </trkpt>
      <trkpt lat="47.442746" lon="11.087225">
        <ele>1095.87337</ele>
      </trkpt>
      <trkpt lat="47.44309" lon="11.086197">
        <ele>1099.86624</ele>
      </trkpt>
      <trkpt lat="47.442742" lon="11.083236">
        <ele>1122.30972</ele>
      </trkpt>
      <trkpt lat="47.443845" lon="11.08036">
        <ele>1153.52776</ele>
      </trkpt>
      <trkpt lat="47.444106" lon="11.0783">
        <ele>1175.86962</ele>
      </trkpt>
      <trkpt lat="47.445586" lon="11.075726">
        <ele>1234.3628</ele>
      </trkpt>
      <trkpt lat="47.446311" lon="11.074524">
        <ele>1263.80872</ele>
      </trkpt>
      <trkpt lat="47.446548" lon="11.072863">
        <ele>1292.33382</ele>
      </trkpt>
      <trkpt lat="47.446865" lon="11.072652">
        <ele>1302.10016</ele>
      </trkpt>
      <trkpt lat="47.447049" lon="11.072261">
        <ele>1310.36655</ele>
      </trkpt>
      <trkpt lat="47.447036" lon="11.072114">
        <ele>1314.24327</ele>
      </trkpt>
      <trkpt lat="47.446592" lon="11.071867">
        <ele>1326.77902</ele>
      </trkpt>
      <trkpt lat="47.446585" lon="11.071542">
        <ele>1331.26019</ele>
      </trkpt>
      <trkpt lat="47.446837" lon="11.07084">
        <ele>1344.1685</ele>
      </trkpt>
      <trkpt lat="47.447103" lon="11.070748">
        <ele>1358.76911</ele>
      </trkpt>
      <trkpt lat="47.447013" lon="11.070303">
        <ele>1360.09226</ele>
      </trkpt>
      <trkpt lat="47.44738" lon="11.070268">
        <ele>1373.26092</ele>
      </trkpt>
      <trkpt lat="47.44741" lon="11.069888">
        <ele>1378.67329</ele>
      </trkpt>
      <trkpt lat="47.447237" lon="11.069555">
        <ele>1386.44911</ele>
      </trkpt>
      <trkpt lat="47.44757" lon="11.069344">
        <ele>1398.87577</ele>
      </trkpt>
      <trkpt lat="47.447401" lon="11.068968">
        <ele>1406.46745</ele>
      </trkpt>
      <trkpt lat="47.447713" lon="11.069046">
        <ele>1414.19884</ele>
      </trkpt>
      <trkpt lat="47.447435" lon="11.068473">
        <ele>1425.97641</ele>
      </trkpt>
      <trkpt lat="47.447641" lon="11.068374">
        <ele>1434.15392</ele>
      </trkpt>
      <trkpt lat="47.447392" lon="11.06797">
        <ele>1439.28048</ele>
      </trkpt>
      <trkpt lat="47.447639" lon="11.067907">
        <ele>1446.69403</ele>
      </trkpt>
      <trkpt lat="47.447466" lon="11.067612">
        <ele>1455.00104</ele>
      </trkpt>
      <trkpt lat="47.448072" lon="11.067752">
        <ele>1468.81812</ele>
      </trkpt>
      <trkpt lat="47.447558" lon="11.066894">
        <ele>1486.40014</ele>
      </trkpt>
      <trkpt lat="47.447834" lon="11.066856">
        <ele>1495.79777</ele>
      </trkpt>
      <trkpt lat="47.447587" lon="11.066442">
        <ele>1504.98287</ele>
      </trkpt>
      <trkpt lat="47.447787" lon="11.066423">
        <ele>1510.92141</ele>
      </trkpt>
      <trkpt lat="47.448007" lon="11.066606">
        <ele>1514.78957</ele>
      </trkpt>
      <trkpt lat="47.447789" lon="11.066216">
        <ele>1520.08287</ele>
      </trkpt>
      <trkpt lat="47.448156" lon="11.066424">
        <ele>1529.88697</ele>
      </trkpt>
      <trkpt lat="47.44809" lon="11.066278">
        <ele>1533.91084</ele>
      </trkpt>
      <trkpt lat="47.448726" lon="11.066267">
        <ele>1551.30073</ele>
      </trkpt>
      <trkpt lat="47.448417" lon="11.065986">
        <ele>1558.56016</ele>
      </trkpt>
      <trkpt lat="47.448638" lon="11.065902">
        <ele>1564.96502</ele>
      </trkpt>
      <trkpt lat="47.448856" lon="11.065939">
        <ele>1569.70886</ele>
      </trkpt>
      <trkpt lat="47.44869" lon="11.065673">
        <ele>1578.38009</ele>
      </trkpt>
      <trkpt lat="47.448956" lon="11.065696">
        <ele>1584.5134</ele>
      </trkpt>
      <trkpt lat="47.44885" lon="11.065519">
        <ele>1587.88483</ele>
      </trkpt>
      <trkpt lat="47.449074" lon="11.06565">
        <ele>1593.86171</ele>
      </trkpt>
      <trkpt lat="47.448864" lon="11.065317">
        <ele>1599.47016</ele>
      </trkpt>
      <trkpt lat="47.44924" lon="11.065384">
        <ele>1614.50602</ele>
        <name>Wettersteingebiet einschließlich Latschengürtel bei Mittenwald, Grainau, Garmisch-Partenkirchen</name>
        <extensions>
          <oa:locType>calcWayPoint</oa:locType>
          <oa:Extension>
            <oa:mapZoom>12</oa:mapZoom>
          </oa:Extension>
        </extensions>
      </trkpt>
      <trkpt lat="47.449294" lon="11.06549">
        <ele>1616.30774</ele>
      </trkpt>
      <trkpt lat="47.449274" lon="11.065331">
        <ele>1618.90257</ele>
      </trkpt>
      <trkpt lat="47.449351" lon="11.065353">
        <ele>1620.01401</ele>
      </trkpt>
      <trkpt lat="47.448649" lon="11.0645">
        <ele>1627.81051</ele>
      </trkpt>
      <trkpt lat="47.448362" lon="11.063827">
        <ele>1632.66233</ele>
      </trkpt>
      <trkpt lat="47.447965" lon="11.06363">
        <ele>1633.04809</ele>
      </trkpt>
      <trkpt lat="47.44733" lon="11.063545">
        <ele>1632.03093</ele>
      </trkpt>
      <trkpt lat="47.446646" lon="11.062606">
        <ele>1634.87631</ele>
      </trkpt>
      <trkpt lat="47.445644" lon="11.061995">
        <ele>1647.37931</ele>
      </trkpt>
      <trkpt lat="47.444652" lon="11.061983">
        <ele>1666.6205</ele>
      </trkpt>
      <trkpt lat="47.44389" lon="11.062202">
        <ele>1677.25028</ele>
      </trkpt>
      <trkpt lat="47.443449" lon="11.062814">
        <ele>1679.74048</ele>
      </trkpt>
      <trkpt lat="47.443028" lon="11.062859">
        <ele>1680.1694</ele>
      </trkpt>
      <trkpt lat="47.442034" lon="11.062304">
        <ele>1685.4664</ele>
      </trkpt>
      <trkpt lat="47.44165" lon="11.062343">
        <ele>1692.60164</ele>
      </trkpt>
      <trkpt lat="47.441021" lon="11.062167">
        <ele>1700.84798</ele>
      </trkpt>
      <trkpt lat="47.440375" lon="11.062246">
        <ele>1701.87318</ele>
      </trkpt>
      <trkpt lat="47.440387" lon="11.061725">
        <ele>1705.71383</ele>
      </trkpt>
      <trkpt lat="47.440124" lon="11.06151">
        <ele>1713.66397</ele>
      </trkpt>
      <trkpt lat="47.439324" lon="11.061616">
        <ele>1730.86511</ele>
      </trkpt>
      <trkpt lat="47.438879" lon="11.061882">
        <ele>1742.13418</ele>
      </trkpt>
      <trkpt lat="47.438591" lon="11.061269">
        <ele>1757.54209</ele>
      </trkpt>
      <trkpt lat="47.438689" lon="11.060442">
        <ele>1772.55279</ele>
      </trkpt>
      <trkpt lat="47.438551" lon="11.060267">
        <ele>1776.99392</ele>
      </trkpt>
      <trkpt lat="47.437785" lon="11.060367">
        <ele>1795.45048</ele>
      </trkpt>
      <trkpt lat="47.437432" lon="11.060151">
        <ele>1808.50769</ele>
      </trkpt>
      <trkpt lat="47.437233" lon="11.060157">
        <ele>1813.58657</ele>
      </trkpt>
      <trkpt lat="47.437144" lon="11.060373">
        <ele>1816.60325</ele>
      </trkpt>
      <trkpt lat="47.437168" lon="11.060906">
        <ele>1819.57633</ele>
      </trkpt>
      <trkpt lat="47.437059" lon="11.060969">
        <ele>1820.75223</ele>
      </trkpt>
      <trkpt lat="47.436242" lon="11.060726">
        <ele>1823.70498</ele>
      </trkpt>
      <trkpt lat="47.435455" lon="11.060197">
        <ele>1828.12385</ele>
      </trkpt>
      <trkpt lat="47.434848" lon="11.060443">
        <ele>1835.02016</ele>
      </trkpt>
      <trkpt lat="47.434059" lon="11.060286">
        <ele>1833.93699</ele>
      </trkpt>
      <trkpt lat="47.433607" lon="11.059723">
        <ele>1840.41202</ele>
      </trkpt>
      <trkpt lat="47.433954" lon="11.058681">
        <ele>1846.2235</ele>
      </trkpt>
      <trkpt lat="47.434151" lon="11.057647">
        <ele>1851.6745</ele>
      </trkpt>
      <trkpt lat="47.433476" lon="11.057075">
        <ele>1874.27938</ele>
      </trkpt>
      <trkpt lat="47.433407" lon="11.056648">
        <ele>1879.23544</ele>
      </trkpt>
      <trkpt lat="47.433676" lon="11.056226">
        <ele>1883.44274</ele>
      </trkpt>
      <trkpt lat="47.43378" lon="11.055838">
        <ele>1888.23623</ele>
      </trkpt>
      <trkpt lat="47.434408" lon="11.054953">
        <ele>1900.44022</ele>
      </trkpt>
      <trkpt lat="47.434563" lon="11.054404">
        <ele>1906.74819</ele>
      </trkpt>
      <trkpt lat="47.434644" lon="11.053867">
        <ele>1914.61351</ele>
        <name>Wettersteingebiet einschließlich Latschengürtel bei Mittenwald, Garmisch-Partenkirchen, Grainau</name>
        <extensions>
          <oa:locType>calcWayPoint</oa:locType>
          <oa:Extension>
            <oa:mapZoom>12</oa:mapZoom>
          </oa:Extension>
        </extensions>
      </trkpt>
      <trkpt lat="47.434714" lon="11.053588">
        <ele>1918.36517</ele>
      </trkpt>
      <trkpt lat="47.434935" lon="11.053629">
        <ele>1923.44574</ele>
      </trkpt>
      <trkpt lat="47.435347" lon="11.054491">
        <ele>1933.3966</ele>
      </trkpt>
      <trkpt lat="47.435437" lon="11.054508">
        <ele>1934.91776</ele>
      </trkpt>
      <trkpt lat="47.436337" lon="11.054362">
        <ele>1931.35068</ele>
      </trkpt>
      <trkpt lat="47.436951" lon="11.053941">
        <ele>1934.94496</ele>
      </trkpt>
      <trkpt lat="47.437223" lon="11.053654">
        <ele>1940.92341</ele>
      </trkpt>
      <trkpt lat="47.437529" lon="11.053058">
        <ele>1949.96166</ele>
      </trkpt>
      <trkpt lat="47.437491" lon="11.052786">
        <ele>1954.95977</ele>
      </trkpt>
      <trkpt lat="47.437136" lon="11.052459">
        <ele>1960.84187</ele>
      </trkpt>
      <trkpt lat="47.43716" lon="11.052268">
        <ele>1964.57556</ele>
      </trkpt>
      <trkpt lat="47.437579" lon="11.052015">
        <ele>1973.78251</ele>
      </trkpt>
      <trkpt lat="47.438025" lon="11.05206">
        <ele>1981.98336</ele>
      </trkpt>
      <trkpt lat="47.437976" lon="11.05168">
        <ele>1986.51282</ele>
      </trkpt>
      <trkpt lat="47.43753" lon="11.051195">
        <ele>1992.35714</ele>
      </trkpt>
      <trkpt lat="47.437592" lon="11.050941">
        <ele>1995.96824</ele>
      </trkpt>
      <trkpt lat="47.43777" lon="11.050868">
        <ele>1999.45245</ele>
      </trkpt>
      <trkpt lat="47.438891" lon="11.051192">
        <ele>2022.13211</ele>
      </trkpt>
      <trkpt lat="47.43888" lon="11.051775">
        <ele>2013.29571</ele>
      </trkpt>
      <trkpt lat="47.439179" lon="11.051982">
        <ele>2005.41326</ele>
      </trkpt>
      <trkpt lat="47.438857" lon="11.052485">
        <ele>1995.8706</ele>
      </trkpt>
      <trkpt lat="47.438947" lon="11.052761">
        <ele>1993.32842</ele>
      </trkpt>
      <trkpt lat="47.439309" lon="11.053104">
        <ele>1983.16671</ele>
      </trkpt>
      <trkpt lat="47.439702" lon="11.053103">
        <ele>1974.03006</ele>
      </trkpt>
      <trkpt lat="47.439511" lon="11.054002">
        <ele>1958.93235</ele>
      </trkpt>
      <trkpt lat="47.439203" lon="11.054308">
        <ele>1951.56876</ele>
      </trkpt>
      <trkpt lat="47.439429" lon="11.05445">
        <ele>1945.34002</ele>
      </trkpt>
      <trkpt lat="47.439422" lon="11.05471">
        <ele>1941.33443</ele>
      </trkpt>
      <trkpt lat="47.439581" lon="11.054844">
        <ele>1937.84897</ele>
      </trkpt>
      <trkpt lat="47.439388" lon="11.055201">
        <ele>1926.74116</ele>
      </trkpt>
      <trkpt lat="47.439467" lon="11.05534">
        <ele>1923.29525</ele>
      </trkpt>
      <trkpt lat="47.439671" lon="11.055228">
        <ele>1918.26727</ele>
      </trkpt>
      <trkpt lat="47.439662" lon="11.055577">
        <ele>1910.7491</ele>
      </trkpt>
      <trkpt lat="47.439911" lon="11.055239">
        <ele>1903.7408</ele>
      </trkpt>
      <trkpt lat="47.440081" lon="11.055554">
        <ele>1895.44424</ele>
      </trkpt>
      <trkpt lat="47.44032" lon="11.05495">
        <ele>1884.61985</ele>
      </trkpt>
      <trkpt lat="47.440335" lon="11.055198">
        <ele>1881.44143</ele>
      </trkpt>
      <trkpt lat="47.440529" lon="11.055278">
        <ele>1876.29034</ele>
      </trkpt>
      <trkpt lat="47.440391" lon="11.055675">
        <ele>1868.14437</ele>
      </trkpt>
      <trkpt lat="47.440548" lon="11.055869">
        <ele>1860.95125</ele>
      </trkpt>
      <trkpt lat="47.440601" lon="11.055626">
        <ele>1857.01221</ele>
      </trkpt>
      <trkpt lat="47.440668" lon="11.055716">
        <ele>1853.86782</ele>
      </trkpt>
      <trkpt lat="47.44073" lon="11.055615">
        <ele>1850.44059</ele>
      </trkpt>
      <trkpt lat="47.440783" lon="11.055259">
        <ele>1842.70206</ele>
      </trkpt>
      <trkpt lat="47.440842" lon="11.05544">
        <ele>1839.17436</ele>
      </trkpt>
      <trkpt lat="47.440957" lon="11.055201">
        <ele>1831.5482</ele>
      </trkpt>
      <trkpt lat="47.441436" lon="11.055395">
        <ele>1813.84664</ele>
      </trkpt>
      <trkpt lat="47.441439" lon="11.055165">
        <ele>1806.63005</ele>
      </trkpt>
      <trkpt lat="47.441599" lon="11.055185">
        <ele>1799.6769</ele>
      </trkpt>
      <trkpt lat="47.44159" lon="11.055063">
        <ele>1796.27517</ele>
      </trkpt>
      <trkpt lat="47.441726" lon="11.055287">
        <ele>1793.93384</ele>
      </trkpt>
      <trkpt lat="47.442091" lon="11.055508">
        <ele>1784.24166</ele>
      </trkpt>
      <trkpt lat="47.442159" lon="11.055457">
        <ele>1779.70259</ele>
      </trkpt>
      <trkpt lat="47.442102" lon="11.055057">
        <ele>1772.68019</ele>
      </trkpt>
      <trkpt lat="47.44229" lon="11.055191">
        <ele>1768.11163</ele>
      </trkpt>
      <trkpt lat="47.442275" lon="11.055103">
        <ele>1765.76706</ele>
      </trkpt>
      <trkpt lat="47.442409" lon="11.055152">
        <ele>1762.51858</ele>
      </trkpt>
      <trkpt lat="47.442413" lon="11.054995">
        <ele>1757.07361</ele>
      </trkpt>
      <trkpt lat="47.442572" lon="11.054887">
        <ele>1748.48776</ele>
      </trkpt>
      <trkpt lat="47.442713" lon="11.054943">
        <ele>1746.88808</ele>
      </trkpt>
      <trkpt lat="47.44267" lon="11.054844">
        <ele>1742.87286</ele>
      </trkpt>
      <trkpt lat="47.442764" lon="11.0548">
        <ele>1739.84909</ele>
      </trkpt>
      <trkpt lat="47.442532" lon="11.054673">
        <ele>1735.91113</ele>
      </trkpt>
      <trkpt lat="47.442496" lon="11.054485">
        <ele>1730.14837</ele>
      </trkpt>
      <trkpt lat="47.442853" lon="11.054492">
        <ele>1722.37368</ele>
      </trkpt>
      <trkpt lat="47.442669" lon="11.054371">
        <ele>1720.69087</ele>
      </trkpt>
      <trkpt lat="47.442464" lon="11.054006">
        <ele>1715.29101</ele>
      </trkpt>
      <trkpt lat="47.442329" lon="11.053291">
        <ele>1708.87089</ele>
      </trkpt>
      <trkpt lat="47.442313" lon="11.052148">
        <ele>1709.8938</ele>
      </trkpt>
      <trkpt lat="47.442685" lon="11.051291">
        <ele>1713.86494</ele>
      </trkpt>
      <trkpt lat="47.442549" lon="11.051139">
        <ele>1722.60837</ele>
      </trkpt>
      <trkpt lat="47.442742" lon="11.050999">
        <ele>1727.81082</ele>
      </trkpt>
      <trkpt lat="47.442574" lon="11.050863">
        <ele>1737.73493</ele>
      </trkpt>
      <trkpt lat="47.443073" lon="11.050809">
        <ele>1729.43576</ele>
      </trkpt>
      <trkpt lat="47.443581" lon="11.05132">
        <ele>1717.30989</ele>
      </trkpt>
      <trkpt lat="47.443765" lon="11.051341">
        <ele>1714.33072</ele>
      </trkpt>
      <trkpt lat="47.444605" lon="11.050973">
        <ele>1696.85868</ele>
      </trkpt>
      <trkpt lat="47.44433" lon="11.051344">
        <ele>1689.57912</ele>
      </trkpt>
      <trkpt lat="47.444182" lon="11.051798">
        <ele>1682.81463</ele>
      </trkpt>
      <trkpt lat="47.444367" lon="11.051945">
        <ele>1681.85506</ele>
      </trkpt>
      <trkpt lat="47.444723" lon="11.053036">
        <ele>1672.13857</ele>
      </trkpt>
      <trkpt lat="47.444986" lon="11.053247">
        <ele>1669.57438</ele>
      </trkpt>
      <trkpt lat="47.445118" lon="11.053992">
        <ele>1663.76775</ele>
      </trkpt>
      <trkpt lat="47.445956" lon="11.054312">
        <ele>1650.85231</ele>
      </trkpt>
      <trkpt lat="47.446647" lon="11.054293">
        <ele>1646.24024</ele>
      </trkpt>
      <trkpt lat="47.447043" lon="11.054645">
        <ele>1646.16764</ele>
      </trkpt>
      <trkpt lat="47.447326" lon="11.055224">
        <ele>1646.96916</ele>
      </trkpt>
      <trkpt lat="47.447743" lon="11.055525">
        <ele>1649.6984</ele>
      </trkpt>
      <trkpt lat="47.447714" lon="11.05571">
        <ele>1647.75902</ele>
        <name>Wettersteingebiet einschließlich Latschengürtel bei Mittenwald, Grainau, Garmisch-Partenkirchen</name>
        <extensions>
          <oa:locType>calcWayPoint</oa:locType>
          <oa:Extension>
            <oa:mapZoom>12</oa:mapZoom>
          </oa:Extension>
        </extensions>
      </trkpt>
      <trkpt lat="47.447535" lon="11.055975">
        <ele>1650.59795</ele>
      </trkpt>
      <trkpt lat="47.44743" lon="11.056419">
        <ele>1651.75685</ele>
      </trkpt>
      <trkpt lat="47.447422" lon="11.057263">
        <ele>1651.23396</ele>
      </trkpt>
      <trkpt lat="47.447559" lon="11.057776">
        <ele>1652.43219</ele>
      </trkpt>
      <trkpt lat="47.448089" lon="11.058224">
        <ele>1646.3188</ele>
      </trkpt>
      <trkpt lat="47.448326" lon="11.058921">
        <ele>1642.18871</ele>
      </trkpt>
      <trkpt lat="47.448272" lon="11.059512">
        <ele>1642.33926</ele>
      </trkpt>
      <trkpt lat="47.448433" lon="11.059871">
        <ele>1640.34477</ele>
      </trkpt>
      <trkpt lat="47.448188" lon="11.060551">
        <ele>1638.14109</ele>
      </trkpt>
      <trkpt lat="47.448148" lon="11.061225">
        <ele>1636.6484</ele>
      </trkpt>
      <trkpt lat="47.448021" lon="11.061644">
        <ele>1637.37631</ele>
      </trkpt>
      <trkpt lat="47.448059" lon="11.061965">
        <ele>1636.67239</ele>
      </trkpt>
      <trkpt lat="47.448345" lon="11.062648">
        <ele>1634.10645</ele>
      </trkpt>
      <trkpt lat="47.448455" lon="11.063761">
        <ele>1628.55941</ele>
      </trkpt>
      <trkpt lat="47.448608" lon="11.064213">
        <ele>1624.12814</ele>
      </trkpt>
      <trkpt lat="47.449759" lon="11.06593">
        <ele>1620.84061</ele>
      </trkpt>
      <trkpt lat="47.450284" lon="11.066365">
        <ele>1625.84737</ele>
      </trkpt>
      <trkpt lat="47.450934" lon="11.06657">
        <ele>1633.90009</ele>
      </trkpt>
      <trkpt lat="47.451893" lon="11.068103">
        <ele>1614.89531</ele>
      </trkpt>
      <trkpt lat="47.452063" lon="11.068552">
        <ele>1608.24101</ele>
      </trkpt>
      <trkpt lat="47.452075" lon="11.069779">
        <ele>1597.05987</ele>
      </trkpt>
      <trkpt lat="47.452175" lon="11.070143">
        <ele>1592.84199</ele>
      </trkpt>
      <trkpt lat="47.452432" lon="11.070486">
        <ele>1584.75801</ele>
      </trkpt>
      <trkpt lat="47.452525" lon="11.071216">
        <ele>1579.12166</ele>
      </trkpt>
      <trkpt lat="47.452916" lon="11.071904">
        <ele>1572.36834</ele>
      </trkpt>
      <trkpt lat="47.452996" lon="11.071362">
        <ele>1566.23507</ele>
      </trkpt>
      <trkpt lat="47.453453" lon="11.071891">
        <ele>1553.90002</ele>
      </trkpt>
      <trkpt lat="47.453689" lon="11.072283">
        <ele>1546.29154</ele>
      </trkpt>
      <trkpt lat="47.453844" lon="11.072715">
        <ele>1543.92002</ele>
      </trkpt>
      <trkpt lat="47.454125" lon="11.072993">
        <ele>1534.33954</ele>
      </trkpt>
      <trkpt lat="47.454283" lon="11.073288">
        <ele>1528.0554</ele>
      </trkpt>
      <trkpt lat="47.45432" lon="11.073886">
        <ele>1521.20938</ele>
      </trkpt>
      <trkpt lat="47.454403" lon="11.074337">
        <ele>1516.38745</ele>
      </trkpt>
      <trkpt lat="47.454621" lon="11.074649">
        <ele>1511.78208</ele>
      </trkpt>
      <trkpt lat="47.455202" lon="11.075222">
        <ele>1498.59315</ele>
      </trkpt>
      <trkpt lat="47.455339" lon="11.076788">
        <ele>1488.36875</ele>
      </trkpt>
      <trkpt lat="47.456219" lon="11.077548">
        <ele>1476.16528</ele>
      </trkpt>
      <trkpt lat="47.456635" lon="11.078263">
        <ele>1466.75843</ele>
      </trkpt>
      <trkpt lat="47.456858" lon="11.079348">
        <ele>1461.21154</ele>
      </trkpt>
      <trkpt lat="47.456863" lon="11.07975">
        <ele>1457.20928</ele>
      </trkpt>
      <trkpt lat="47.45725" lon="11.081228">
        <ele>1436.72831</ele>
      </trkpt>
      <trkpt lat="47.458135" lon="11.082318">
        <ele>1434.5565</ele>
      </trkpt>
      <trkpt lat="47.458569" lon="11.082183">
        <ele>1427.287</ele>
      </trkpt>
      <trkpt lat="47.458927" lon="11.082382">
        <ele>1420.4281</ele>
      </trkpt>
      <trkpt lat="47.4596" lon="11.083381">
        <ele>1403.42234</ele>
      </trkpt>
      <trkpt lat="47.46019" lon="11.084555">
        <ele>1396.88969</ele>
      </trkpt>
      <trkpt lat="47.461154" lon="11.085686">
        <ele>1368.31306</ele>
      </trkpt>
      <trkpt lat="47.461715" lon="11.086043">
        <ele>1358.5832</ele>
      </trkpt>
      <trkpt lat="47.461821" lon="11.085986">
        <ele>1356.67515</ele>
      </trkpt>
      <trkpt lat="47.461833" lon="11.087652">
        <ele>1357.07361</ele>
      </trkpt>
      <trkpt lat="47.461654" lon="11.088727">
        <ele>1355.38471</ele>
      </trkpt>
      <trkpt lat="47.461634" lon="11.089669">
        <ele>1352.09025</ele>
      </trkpt>
      <trkpt lat="47.461715" lon="11.091199">
        <ele>1346.41474</ele>
      </trkpt>
      <trkpt lat="47.461801" lon="11.091879">
        <ele>1344.1595</ele>
      </trkpt>
      <trkpt lat="47.461601" lon="11.092513">
        <ele>1340.85408</ele>
      </trkpt>
      <trkpt lat="47.461497" lon="11.093321">
        <ele>1334.93489</ele>
      </trkpt>
      <trkpt lat="47.461032" lon="11.094769">
        <ele>1323.42378</ele>
      </trkpt>
      <trkpt lat="47.46086" lon="11.095677">
        <ele>1316.26656</ele>
      </trkpt>
      <trkpt lat="47.460583" lon="11.096168">
        <ele>1311.07638</ele>
      </trkpt>
      <trkpt lat="47.459445" lon="11.096942">
        <ele>1296.3161</ele>
      </trkpt>
      <trkpt lat="47.459369" lon="11.097081">
        <ele>1294.3313</ele>
      </trkpt>
      <trkpt lat="47.459349" lon="11.097272">
        <ele>1292.29121</ele>
      </trkpt>
      <trkpt lat="47.459466" lon="11.097475">
        <ele>1290.87907</ele>
      </trkpt>
      <trkpt lat="47.460154" lon="11.097583">
        <ele>1289.26736</ele>
      </trkpt>
      <trkpt lat="47.460268" lon="11.097702">
        <ele>1287.75078</ele>
      </trkpt>
      <trkpt lat="47.460293" lon="11.098007">
        <ele>1286.38507</ele>
      </trkpt>
      <trkpt lat="47.459704" lon="11.099372">
        <ele>1284.39918</ele>
      </trkpt>
      <trkpt lat="47.459214" lon="11.101933">
        <ele>1272.46562</ele>
      </trkpt>
      <trkpt lat="47.459054" lon="11.10237">
        <ele>1271.40449</ele>
      </trkpt>
      <trkpt lat="47.459307" lon="11.102473">
        <ele>1267.79381</ele>
      </trkpt>
      <trkpt lat="47.459632" lon="11.10183">
        <ele>1264.0512</ele>
      </trkpt>
      <trkpt lat="47.459933" lon="11.101515">
        <ele>1260.73576</ele>
      </trkpt>
      <trkpt lat="47.460308" lon="11.101493">
        <ele>1259.80354</ele>
      </trkpt>
      <trkpt lat="47.460682" lon="11.101645">
        <ele>1258.89689</ele>
      </trkpt>
      <trkpt lat="47.461181" lon="11.102199">
        <ele>1249.42799</ele>
      </trkpt>
      <trkpt lat="47.46168" lon="11.102492">
        <ele>1245.56468</ele>
      </trkpt>
      <trkpt lat="47.461893" lon="11.102492">
        <ele>1243.27811</ele>
      </trkpt>
      <trkpt lat="47.462025" lon="11.102655">
        <ele>1246.35361</ele>
      </trkpt>
      <trkpt lat="47.46215" lon="11.103512">
        <ele>1233.87001</ele>
      </trkpt>
      <trkpt lat="47.462407" lon="11.103697">
        <ele>1225.26337</ele>
      </trkpt>
      <trkpt lat="47.462701" lon="11.103849">
        <ele>1217.19089</ele>
      </trkpt>
      <trkpt lat="47.462825" lon="11.10424">
        <ele>1211.36091</ele>
      </trkpt>
      <trkpt lat="47.462902" lon="11.105589">
        <ele>1192.98711</ele>
      </trkpt>
      <trkpt lat="47.46357" lon="11.10733">
        <ele>1175.63897</ele>
      </trkpt>
      <trkpt lat="47.464122" lon="11.108283">
        <ele>1168.53467</ele>
      </trkpt>
      <trkpt lat="47.4643" lon="11.109336">
        <ele>1154.66007</ele>
      </trkpt>
      <trkpt lat="47.464571" lon="11.10981">
        <ele>1151.98388</ele>
      </trkpt>
      <trkpt lat="47.465476" lon="11.110741">
        <ele>1144.99705</ele>
        <name>Wettersteingebiet einschließlich Latschengürtel bei Mittenwald, Garmisch-Partenkirchen</name>
        <extensions>
          <oa:locType>calcWayPoint</oa:locType>
          <oa:Extension>
            <oa:mapZoom>12</oa:mapZoom>
          </oa:Extension>
        </extensions>
      </trkpt>
      <trkpt lat="47.466086" lon="11.11083">
        <ele>1131.8568</ele>
      </trkpt>
      <trkpt lat="47.466258" lon="11.110762">
        <ele>1126.31996</ele>
      </trkpt>
      <trkpt lat="47.466545" lon="11.110099">
        <ele>1122.47427</ele>
      </trkpt>
      <trkpt lat="47.467372" lon="11.110113">
        <ele>1099.02565</ele>
      </trkpt>
      <trkpt lat="47.467813" lon="11.109828">
        <ele>1089.41662</ele>
      </trkpt>
      <trkpt lat="47.46823" lon="11.109313">
        <ele>1081.03877</ele>
      </trkpt>
      <trkpt lat="47.468447" lon="11.108679">
        <ele>1071.77334</ele>
      </trkpt>
      <trkpt lat="47.468665" lon="11.108394">
        <ele>1064.89508</ele>
      </trkpt>
      <trkpt lat="47.468917" lon="11.107759">
        <ele>1054.78765</ele>
      </trkpt>
      <trkpt lat="47.46934" lon="11.107429">
        <ele>1051.23185</ele>
      </trkpt>
      <trkpt lat="47.469643" lon="11.10748">
        <ele>1042.61844</ele>
      </trkpt>
      <trkpt lat="47.470036" lon="11.107487">
        <ele>1031.20049</ele>
      </trkpt>
      <trkpt lat="47.470324" lon="11.107517">
        <ele>1021.00949</ele>
      </trkpt>
      <trkpt lat="47.470498" lon="11.107561">
        <ele>1015.27561</ele>
      </trkpt>
      <trkpt lat="47.471649" lon="11.108303">
        <ele>979.95445</ele>
      </trkpt>
      <trkpt lat="47.472285" lon="11.108478">
        <ele>969.27135</ele>
      </trkpt>
      <trkpt lat="47.472669" lon="11.10837">
        <ele>958.13814</ele>
      </trkpt>
      <trkpt lat="47.472988" lon="11.10789">
        <ele>950.71397</ele>
      </trkpt>
      <trkpt lat="47.473053" lon="11.10678">
        <ele>935.69912</ele>
      </trkpt>
      <trkpt lat="47.473406" lon="11.106221">
        <ele>922.81965</ele>
      </trkpt>
      <trkpt lat="47.473599" lon="11.105757">
        <ele>914.87413</ele>
      </trkpt>
      <trkpt lat="47.473889" lon="11.104178">
        <ele>895.65302</ele>
      </trkpt>
      <trkpt lat="47.474293" lon="11.103742">
        <ele>884.47542</ele>
      </trkpt>
      <trkpt lat="47.475052" lon="11.103332">
        <ele>869.55743</ele>
      </trkpt>
      <trkpt lat="47.475551" lon="11.103684">
        <ele>861.245</ele>
      </trkpt>
      <trkpt lat="47.475724" lon="11.104093">
        <ele>854.36387</ele>
      </trkpt>
      <trkpt lat="47.475971" lon="11.104281">
        <ele>848.26245</ele>
      </trkpt>
      <trkpt lat="47.476648" lon="11.104001">
        <ele>836.31653</ele>
      </trkpt>
      <trkpt lat="47.477168" lon="11.103149">
        <ele>826.66358</ele>
      </trkpt>
      <trkpt lat="47.477142" lon="11.102554">
        <ele>823.03412</ele>
      </trkpt>
      <trkpt lat="47.477318" lon="11.102293">
        <ele>810.66989</ele>
      </trkpt>
      <trkpt lat="47.477419" lon="11.101815">
        <ele>797.77214</ele>
      </trkpt>
      <trkpt lat="47.477323" lon="11.101749">
        <ele>795.09369</ele>
      </trkpt>
      <trkpt lat="47.47754" lon="11.101605">
        <ele>794.05254</ele>
      </trkpt>
      <trkpt lat="47.477851" lon="11.100668">
        <ele>786.76872</ele>
      </trkpt>
      <trkpt lat="47.478159" lon="11.10012">
        <ele>781.97144</ele>
      </trkpt>
      <trkpt lat="47.478463" lon="11.099387">
        <ele>773.69189</ele>
      </trkpt>
      <trkpt lat="47.479258" lon="11.098511">
        <ele>756.38223</ele>
      </trkpt>
      <trkpt lat="47.479929" lon="11.098283">
        <ele>750.04072</ele>
      </trkpt>
      <trkpt lat="47.480836" lon="11.097067">
        <ele>741.01611</ele>
      </trkpt>
      <trkpt lat="47.481493" lon="11.096467">
        <ele>733.22552</ele>
      </trkpt>
      <trkpt lat="47.482388" lon="11.096096">
        <ele>727.30874</ele>
      </trkpt>
      <trkpt lat="47.484189" lon="11.095095">
        <ele>719.55665</ele>
      </trkpt>
      <trkpt lat="47.484239" lon="11.095273">
        <ele>718.76586</ele>
      </trkpt>
      <trkpt lat="47.484499" lon="11.09598">
        <ele>716.60601</ele>
      </trkpt>
      <trkpt lat="47.484759" lon="11.096658">
        <ele>715.78258</ele>
      </trkpt>
      <trkpt lat="47.485191" lon="11.097626">
        <ele>715.901</ele>
      </trkpt>
      <trkpt lat="47.485948" lon="11.098762">
        <ele>713.90524</ele>
      </trkpt>
      <trkpt lat="47.486138" lon="11.098475">
        <ele>712.79749</ele>
      </trkpt>
      <trkpt lat="47.487169" lon="11.098993">
        <ele>709.70298</ele>
      </trkpt>
      <trkpt lat="47.488852" lon="11.098254">
        <ele>707.78793</ele>
      </trkpt>
      <trkpt lat="47.489953" lon="11.097224">
        <ele>707.49572</ele>
      </trkpt>
      <trkpt lat="47.491215" lon="11.096344">
        <ele>707.04795</ele>
      </trkpt>
      <trkpt lat="47.49098" lon="11.09537">
        <ele>703.63887</ele>
      </trkpt>
      <trkpt lat="47.491749" lon="11.094908">
        <ele>702.18774</ele>
      </trkpt>
      <trkpt lat="47.491795" lon="11.095056">
        <ele>702.13284</ele>
      </trkpt>
      <trkpt lat="47.492006" lon="11.095693">
        <ele>702.52025</ele>
      </trkpt>
      <trkpt lat="47.492377" lon="11.096836">
        <ele>702.20382</ele>
      </trkpt>
      <trkpt lat="47.49244" lon="11.097198">
        <ele>706.62054</ele>
      </trkpt>
      <trkpt lat="47.492709" lon="11.097039">
        <ele>705.81289</ele>
      </trkpt>
      <trkpt lat="47.492547" lon="11.096712">
        <ele>706.14125</ele>
      </trkpt>
      <trkpt lat="47.492218" lon="11.095638">
        <ele>703.28584</ele>
      </trkpt>
      <trkpt lat="47.491991" lon="11.094938">
        <ele>701.83023</ele>
      </trkpt>
      <trkpt lat="47.491948" lon="11.094762">
        <ele>702.1566</ele>
      </trkpt>
      <trkpt lat="47.492354" lon="11.094058">
        <ele>702.22713</ele>
      </trkpt>
      <trkpt lat="47.492976" lon="11.09334">
        <ele>700.88113</ele>
      </trkpt>
      <trkpt lat="47.494731" lon="11.092366">
        <ele>697.47852</ele>
      </trkpt>
      <trkpt lat="47.494641" lon="11.092006">
        <ele>697.38206</ele>
        <name>Garmisch-Partenkirchen, Landkreis Garmisch-Partenkirchen</name>
        <extensions>
          <oa:Extension>
            <oa:mapZoom>12</oa:mapZoom>
          </oa:Extension>
        </extensions>
      </trkpt>
    </trkseg>
  </trk>
</gpx>